split,case_id,python_pred_class,xsim_pred_class,pred_mismatch,final_mem_mismatch
train,0,0,0,0,0
train,2,0,0,0,0
train,4,0,0,0,0
train,6,0,0,0,0
train,8,0,0,0,0
train,10,0,0,0,0
train,12,0,0,0,0
train,14,0,0,0,0
train,16,0,0,0,0
train,18,0,0,0,0
train,20,0,0,0,0
train,22,0,0,0,0
train,24,0,0,0,0
train,26,0,0,0,0
train,28,0,0,0,0
train,30,1,1,0,0
train,32,0,0,0,0
train,34,0,0,0,0
train,36,0,0,0,0
train,38,0,0,0,0
train,40,0,0,0,0
train,42,0,0,0,0
train,44,0,0,0,0
train,46,2,2,0,0
train,48,2,2,0,0
train,50,0,0,0,0
train,52,0,0,0,0
train,54,0,0,0,0
train,56,3,3,0,0
train,58,0,0,0,0
train,60,0,0,0,0
train,62,0,0,0,0
train,64,0,0,0,0
train,66,0,0,0,0
train,68,0,0,0,0
train,70,0,0,0,0
train,72,0,0,0,0
train,74,0,0,0,0
train,76,0,0,0,0
train,78,0,0,0,0
train,80,0,0,0,0
train,82,0,0,0,0
train,84,0,0,0,0
train,86,0,0,0,0
train,88,0,0,0,0
train,90,0,0,0,0
train,92,0,0,0,0
train,94,0,0,0,0
train,96,0,0,0,0
train,98,0,0,0,0
train,100,0,0,0,0
train,102,0,0,0,0
train,104,0,0,0,0
train,106,0,0,0,0
train,108,0,0,0,0
train,110,0,0,0,0
train,112,0,0,0,0
train,114,0,0,0,0
train,116,0,0,0,0
train,118,0,0,0,0
train,120,0,0,0,0
train,122,0,0,0,0
train,124,0,0,0,0
train,126,0,0,0,0
train,128,0,0,0,0
train,130,0,0,0,0
train,132,0,0,0,0
train,134,0,0,0,0
train,136,0,0,0,0
train,138,0,0,0,0
train,140,0,0,0,0
train,142,0,0,0,0
train,144,0,0,0,0
train,146,0,0,0,0
train,148,0,0,0,0
train,150,0,0,0,0
train,152,2,2,0,0
train,154,3,3,0,0
train,156,0,0,0,0
train,158,0,0,0,0
train,160,0,0,0,0
train,162,3,3,0,0
train,164,0,0,0,0
train,166,0,0,0,0
train,168,0,0,0,0
train,170,0,0,0,0
train,172,0,0,0,0
train,174,0,0,0,0
train,176,0,0,0,0
train,178,0,0,0,0
train,180,0,0,0,0
train,182,0,0,0,0
train,184,1,1,0,0
train,186,1,1,0,0
train,188,0,0,0,0
train,190,0,0,0,0
train,192,0,0,0,0
train,194,0,0,0,0
train,196,0,0,0,0
train,198,0,0,0,0
train,200,0,0,0,0
train,202,2,2,0,0
train,204,2,2,0,0
train,206,2,2,0,0
train,208,0,0,0,0
train,210,0,0,0,0
train,212,0,0,0,0
train,214,0,0,0,0
train,216,0,0,0,0
train,218,0,0,0,0
train,220,0,0,0,0
train,222,0,0,0,0
train,224,0,0,0,0
train,226,0,0,0,0
train,228,0,0,0,0
train,230,0,0,0,0
train,232,0,0,0,0
train,234,0,0,0,0
train,236,0,0,0,0
train,238,0,0,0,0
train,240,0,0,0,0
train,242,1,1,0,0
train,244,1,1,0,0
train,246,0,0,0,0
train,248,0,0,0,0
train,250,1,1,0,0
train,252,1,1,0,0
train,254,0,0,0,0
train,256,0,0,0,0
train,258,0,0,0,0
train,260,0,0,0,0
train,262,0,0,0,0
train,264,0,0,0,0
train,266,0,0,0,0
train,268,0,0,0,0
train,270,0,0,0,0
train,272,0,0,0,0
train,274,0,0,0,0
train,276,0,0,0,0
train,278,0,0,0,0
train,280,0,0,0,0
train,282,0,0,0,0
train,284,0,0,0,0
train,286,0,0,0,0
train,288,0,0,0,0
train,290,0,0,0,0
train,292,0,0,0,0
train,294,0,0,0,0
train,296,0,0,0,0
train,298,0,0,0,0
train,300,2,2,0,0
train,302,0,0,0,0
train,304,1,1,0,0
train,306,0,0,0,0
train,308,0,0,0,0
train,310,0,0,0,0
train,312,0,0,0,0
train,314,0,0,0,0
train,316,1,1,0,0
train,318,0,0,0,0
train,320,0,0,0,0
train,322,0,0,0,0
train,324,0,0,0,0
train,326,0,0,0,0
train,328,0,0,0,0
train,330,0,0,0,0
train,332,0,0,0,0
train,334,3,3,0,0
train,336,0,0,0,0
train,338,0,0,0,0
train,340,0,0,0,0
train,342,0,0,0,0
train,344,0,0,0,0
train,346,0,0,0,0
train,348,0,0,0,0
train,350,0,0,0,0
train,352,0,0,0,0
train,354,0,0,0,0
train,356,2,2,0,0
train,358,0,0,0,0
train,360,0,0,0,0
train,362,0,0,0,0
train,364,0,0,0,0
train,366,0,0,0,0
train,368,1,1,0,0
train,370,0,0,0,0
train,372,0,0,0,0
train,374,0,0,0,0
train,376,1,1,0,0
train,378,0,0,0,0
train,380,0,0,0,0
train,382,0,0,0,0
train,384,0,0,0,0
train,386,0,0,0,0
train,388,0,0,0,0
train,390,0,0,0,0
train,392,0,0,0,0
train,394,0,0,0,0
train,396,0,0,0,0
train,398,0,0,0,0
train,400,1,1,0,0
train,402,0,0,0,0
train,404,0,0,0,0
train,406,0,0,0,0
train,408,0,0,0,0
train,410,0,0,0,0
train,412,1,1,0,0
train,414,0,0,0,0
train,416,1,1,0,0
train,418,1,1,0,0
train,420,0,0,0,0
train,422,0,0,0,0
train,424,2,2,0,0
train,426,0,0,0,0
train,428,0,0,0,0
train,430,0,0,0,0
train,432,0,0,0,0
train,434,0,0,0,0
train,436,0,0,0,0
train,438,0,0,0,0
train,440,0,0,0,0
train,442,0,0,0,0
train,444,0,0,0,0
train,446,0,0,0,0
train,448,0,0,0,0
train,450,0,0,0,0
train,452,0,0,0,0
train,454,0,0,0,0
train,456,0,0,0,0
train,458,0,0,0,0
train,460,0,0,0,0
train,462,0,0,0,0
train,464,0,0,0,0
train,466,0,0,0,0
train,468,0,0,0,0
train,470,0,0,0,0
train,472,0,0,0,0
train,474,0,0,0,0
train,476,0,0,0,0
train,478,2,2,0,0
train,480,0,0,0,0
train,482,0,0,0,0
train,484,0,0,0,0
train,486,0,0,0,0
train,488,0,0,0,0
train,490,0,0,0,0
train,492,0,0,0,0
train,494,0,0,0,0
train,496,0,0,0,0
train,498,0,0,0,0
train,500,0,0,0,0
train,502,0,0,0,0
train,504,0,0,0,0
train,506,0,0,0,0
train,508,2,2,0,0
train,510,1,1,0,0
train,512,1,1,0,0
train,514,0,0,0,0
train,516,1,1,0,0
train,518,1,1,0,0
train,520,1,1,0,0
train,522,1,1,0,0
train,524,1,1,0,0
train,526,1,1,0,0
train,528,0,0,0,0
train,530,0,0,0,0
train,532,0,0,0,0
train,534,0,0,0,0
train,536,1,1,0,0
train,538,2,2,0,0
train,539,1,1,0,0
train,541,1,1,0,0
train,543,2,2,0,0
train,545,0,0,0,0
train,547,1,1,0,0
train,549,1,1,0,0
train,551,1,1,0,0
train,553,1,1,0,0
train,555,1,1,0,0
train,557,1,1,0,0
train,559,1,1,0,0
train,561,1,1,0,0
train,563,1,1,0,0
train,565,0,0,0,0
train,567,0,0,0,0
train,569,1,1,0,0
train,571,2,2,0,0
train,573,1,1,0,0
train,575,1,1,0,0
train,576,1,1,0,0
train,577,1,1,0,0
train,578,1,1,0,0
train,580,1,1,0,0
train,582,1,1,0,0
train,584,1,1,0,0
train,586,1,1,0,0
train,588,1,1,0,0
train,590,1,1,0,0
train,592,1,1,0,0
train,594,1,1,0,0
train,596,1,1,0,0
train,598,1,1,0,0
train,600,1,1,0,0
train,602,1,1,0,0
train,604,2,2,0,0
train,606,1,1,0,0
train,608,1,1,0,0
train,610,1,1,0,0
train,611,1,1,0,0
train,613,2,2,0,0
train,615,1,1,0,0
train,617,1,1,0,0
train,619,1,1,0,0
train,621,2,2,0,0
train,623,1,1,0,0
train,625,1,1,0,0
train,627,1,1,0,0
train,629,1,1,0,0
train,631,1,1,0,0
train,633,1,1,0,0
train,635,1,1,0,0
train,637,1,1,0,0
train,639,1,1,0,0
train,641,1,1,0,0
train,643,1,1,0,0
train,645,1,1,0,0
train,647,1,1,0,0
train,648,1,1,0,0
train,649,1,1,0,0
train,650,1,1,0,0
train,652,1,1,0,0
train,654,1,1,0,0
train,656,1,1,0,0
train,658,1,1,0,0
train,660,1,1,0,0
train,662,1,1,0,0
train,664,1,1,0,0
train,666,1,1,0,0
train,668,1,1,0,0
train,670,2,2,0,0
train,672,3,3,0,0
train,674,1,1,0,0
train,676,1,1,0,0
train,678,1,1,0,0
train,680,1,1,0,0
train,682,1,1,0,0
train,684,1,1,0,0
train,686,1,1,0,0
train,687,1,1,0,0
train,688,2,2,0,0
train,689,1,1,0,0
train,691,1,1,0,0
train,693,1,1,0,0
train,695,1,1,0,0
train,697,1,1,0,0
train,699,1,1,0,0
train,701,1,1,0,0
train,703,1,1,0,0
train,705,1,1,0,0
train,707,1,1,0,0
train,709,1,1,0,0
train,711,1,1,0,0
train,713,1,1,0,0
train,715,1,1,0,0
train,717,1,1,0,0
train,719,2,2,0,0
train,721,1,1,0,0
train,723,1,1,0,0
train,725,2,2,0,0
train,728,1,1,0,0
train,730,1,1,0,0
train,732,3,3,0,0
train,734,2,2,0,0
train,736,3,3,0,0
train,738,3,3,0,0
train,740,1,1,0,0
train,742,3,3,0,0
train,744,2,2,0,0
train,746,1,1,0,0
train,748,2,2,0,0
train,750,2,2,0,0
train,752,2,2,0,0
train,754,1,1,0,0
train,756,3,3,0,0
train,758,1,1,0,0
train,760,1,1,0,0
train,762,1,1,0,0
train,764,3,3,0,0
train,767,1,1,0,0
train,769,3,3,0,0
train,771,1,1,0,0
train,773,1,1,0,0
train,775,1,1,0,0
train,777,1,1,0,0
train,779,1,1,0,0
train,781,1,1,0,0
train,783,1,1,0,0
train,785,1,1,0,0
train,787,1,1,0,0
train,789,1,1,0,0
train,791,1,1,0,0
train,793,1,1,0,0
train,795,1,1,0,0
train,797,1,1,0,0
train,799,2,2,0,0
train,801,1,1,0,0
train,803,1,1,0,0
train,806,1,1,0,0
train,808,1,1,0,0
train,810,1,1,0,0
train,812,1,1,0,0
train,814,1,1,0,0
train,816,1,1,0,0
train,818,1,1,0,0
train,820,1,1,0,0
train,822,1,1,0,0
train,824,1,1,0,0
train,826,1,1,0,0
train,828,1,1,0,0
train,830,1,1,0,0
train,832,1,1,0,0
train,834,1,1,0,0
train,836,1,1,0,0
train,838,1,1,0,0
train,840,1,1,0,0
train,842,1,1,0,0
train,845,1,1,0,0
train,847,1,1,0,0
train,849,1,1,0,0
train,851,1,1,0,0
train,853,1,1,0,0
train,855,1,1,0,0
train,857,1,1,0,0
train,859,1,1,0,0
train,861,1,1,0,0
train,863,1,1,0,0
train,865,1,1,0,0
train,867,1,1,0,0
train,869,1,1,0,0
train,871,1,1,0,0
train,873,1,1,0,0
train,875,1,1,0,0
train,877,1,1,0,0
train,879,1,1,0,0
train,881,1,1,0,0
train,884,1,1,0,0
train,886,1,1,0,0
train,888,1,1,0,0
train,890,2,2,0,0
train,892,1,1,0,0
train,894,1,1,0,0
train,896,1,1,0,0
train,898,1,1,0,0
train,900,1,1,0,0
train,902,2,2,0,0
train,904,1,1,0,0
train,906,1,1,0,0
train,908,1,1,0,0
train,910,1,1,0,0
train,912,1,1,0,0
train,914,1,1,0,0
train,916,1,1,0,0
train,918,1,1,0,0
train,920,1,1,0,0
train,923,1,1,0,0
train,925,1,1,0,0
train,927,1,1,0,0
train,929,1,1,0,0
train,931,1,1,0,0
train,933,1,1,0,0
train,935,1,1,0,0
train,937,1,1,0,0
train,939,1,1,0,0
train,941,1,1,0,0
train,943,1,1,0,0
train,945,1,1,0,0
train,947,1,1,0,0
train,949,1,1,0,0
train,951,1,1,0,0
train,953,1,1,0,0
train,955,1,1,0,0
train,957,1,1,0,0
train,959,1,1,0,0
train,962,1,1,0,0
train,964,1,1,0,0
train,966,1,1,0,0
train,968,1,1,0,0
train,970,1,1,0,0
train,972,1,1,0,0
train,974,1,1,0,0
train,976,1,1,0,0
train,978,1,1,0,0
train,980,1,1,0,0
train,982,1,1,0,0
train,984,1,1,0,0
train,986,1,1,0,0
train,988,1,1,0,0
train,990,1,1,0,0
train,992,1,1,0,0
train,994,1,1,0,0
train,996,1,1,0,0
train,998,1,1,0,0
train,1001,1,1,0,0
train,1003,1,1,0,0
train,1005,1,1,0,0
train,1007,1,1,0,0
train,1009,1,1,0,0
train,1011,1,1,0,0
train,1013,1,1,0,0
train,1015,1,1,0,0
train,1017,1,1,0,0
train,1019,1,1,0,0
train,1021,1,1,0,0
train,1023,1,1,0,0
train,1025,1,1,0,0
train,1027,1,1,0,0
train,1029,1,1,0,0
train,1031,1,1,0,0
train,1033,2,2,0,0
train,1035,1,1,0,0
train,1037,1,1,0,0
train,1040,1,1,0,0
train,1042,1,1,0,0
train,1044,1,1,0,0
train,1046,1,1,0,0
train,1048,1,1,0,0
train,1050,1,1,0,0
train,1052,1,1,0,0
train,1054,1,1,0,0
train,1056,1,1,0,0
train,1058,1,1,0,0
train,1060,1,1,0,0
train,1062,1,1,0,0
train,1064,1,1,0,0
train,1066,1,1,0,0
train,1068,1,1,0,0
train,1070,1,1,0,0
train,1072,1,1,0,0
train,1074,1,1,0,0
train,1076,1,1,0,0
train,1078,0,0,0,0
train,1080,2,2,0,0
train,1082,0,0,0,0
train,1084,0,0,0,0
train,1086,2,2,0,0
train,1087,1,1,0,0
train,1089,2,2,0,0
train,1091,1,1,0,0
train,1093,1,1,0,0
train,1095,2,2,0,0
train,1097,2,2,0,0
train,1100,2,2,0,0
train,1102,1,1,0,0
train,1104,2,2,0,0
train,1106,2,2,0,0
train,1108,2,2,0,0
train,1110,2,2,0,0
train,1113,2,2,0,0
train,1115,2,2,0,0
train,1117,2,2,0,0
train,1119,1,1,0,0
train,1121,2,2,0,0
train,1123,2,2,0,0
train,1125,2,2,0,0
train,1127,2,2,0,0
train,1129,2,2,0,0
train,1131,2,2,0,0
train,1133,2,2,0,0
train,1136,2,2,0,0
train,1138,2,2,0,0
train,1140,2,2,0,0
train,1142,2,2,0,0
train,1144,1,1,0,0
train,1146,2,2,0,0
train,1149,2,2,0,0
train,1151,2,2,0,0
train,1153,2,2,0,0
train,1154,2,2,0,0
train,1156,2,2,0,0
train,1158,2,2,0,0
train,1160,2,2,0,0
train,1162,2,2,0,0
train,1164,2,2,0,0
train,1167,2,2,0,0
train,1169,2,2,0,0
train,1171,2,2,0,0
train,1173,2,2,0,0
train,1175,2,2,0,0
train,1177,1,1,0,0
train,1180,2,2,0,0
train,1181,1,1,0,0
train,1183,2,2,0,0
train,1185,2,2,0,0
train,1187,2,2,0,0
train,1189,2,2,0,0
train,1191,2,2,0,0
train,1194,2,2,0,0
train,1196,1,1,0,0
train,1198,2,2,0,0
train,1200,2,2,0,0
train,1202,2,2,0,0
train,1204,2,2,0,0
train,1207,0,0,0,0
train,1209,2,2,0,0
train,1211,2,2,0,0
train,1213,2,2,0,0
train,1215,2,2,0,0
train,1217,0,0,0,0
train,1220,2,2,0,0
train,1222,2,2,0,0
train,1224,2,2,0,0
train,1226,2,2,0,0
train,1228,2,2,0,0
train,1230,2,2,0,0
train,1233,2,2,0,0
train,1234,2,2,0,0
train,1236,0,0,0,0
train,1238,2,2,0,0
train,1240,2,2,0,0
train,1242,2,2,0,0
train,1244,2,2,0,0
train,1247,2,2,0,0
train,1249,3,3,0,0
train,1251,3,3,0,0
train,1253,2,2,0,0
train,1255,2,2,0,0
train,1257,2,2,0,0
train,1260,0,0,0,0
train,1262,2,2,0,0
train,1264,2,2,0,0
train,1266,2,2,0,0
train,1268,3,3,0,0
train,1270,2,2,0,0
train,1272,3,3,0,0
train,1274,2,2,0,0
train,1276,0,0,0,0
train,1278,3,3,0,0
train,1280,2,2,0,0
train,1283,2,2,0,0
train,1285,2,2,0,0
train,1287,1,1,0,0
train,1289,1,1,0,0
train,1291,1,1,0,0
train,1293,1,1,0,0
train,1296,2,2,0,0
train,1298,2,2,0,0
train,1300,2,2,0,0
train,1302,2,2,0,0
train,1304,2,2,0,0
train,1306,2,2,0,0
train,1309,2,2,0,0
train,1311,3,3,0,0
train,1313,3,3,0,0
train,1315,3,3,0,0
train,1317,3,3,0,0
train,1319,3,3,0,0
train,1322,2,2,0,0
train,1323,2,2,0,0
train,1325,2,2,0,0
train,1327,2,2,0,0
train,1329,0,0,0,0
train,1331,0,0,0,0
train,1333,0,0,0,0
train,1336,1,1,0,0
train,1338,2,2,0,0
train,1340,1,1,0,0
train,1342,1,1,0,0
train,1344,1,1,0,0
train,1346,2,2,0,0
train,1349,2,2,0,0
train,1351,2,2,0,0
train,1353,2,2,0,0
train,1355,2,2,0,0
train,1357,2,2,0,0
train,1359,2,2,0,0
train,1362,2,2,0,0
train,1364,2,2,0,0
train,1366,2,2,0,0
train,1368,2,2,0,0
train,1370,2,2,0,0
train,1372,2,2,0,0
train,1374,2,2,0,0
train,1375,2,2,0,0
train,1377,1,1,0,0
train,1379,2,2,0,0
train,1381,2,2,0,0
train,1383,2,2,0,0
train,1385,2,2,0,0
train,1387,2,2,0,0
train,1388,2,2,0,0
train,1390,2,2,0,0
train,1392,2,2,0,0
train,1394,0,0,0,0
train,1396,0,0,0,0
train,1398,0,0,0,0
train,1400,0,0,0,0
train,1402,2,2,0,0
train,1404,0,0,0,0
train,1406,2,2,0,0
train,1407,2,2,0,0
train,1408,2,2,0,0
train,1410,3,3,0,0
train,1412,3,3,0,0
train,1414,2,2,0,0
train,1416,2,2,0,0
train,1418,2,2,0,0
train,1420,3,3,0,0
train,1421,0,0,0,0
train,1423,2,2,0,0
train,1425,2,2,0,0
train,1427,0,0,0,0
train,1429,0,0,0,0
train,1431,2,2,0,0
train,1433,0,0,0,0
train,1434,2,2,0,0
train,1436,2,2,0,0
train,1438,2,2,0,0
train,1440,2,2,0,0
train,1442,2,2,0,0
train,1444,2,2,0,0
train,1446,2,2,0,0
train,1447,2,2,0,0
train,1449,2,2,0,0
train,1451,2,2,0,0
train,1453,0,0,0,0
train,1455,0,0,0,0
train,1457,2,2,0,0
train,1459,2,2,0,0
train,1460,2,2,0,0
train,1462,2,2,0,0
train,1464,2,2,0,0
train,1466,2,2,0,0
train,1468,2,2,0,0
train,1470,2,2,0,0
train,1472,2,2,0,0
train,1473,2,2,0,0
train,1475,2,2,0,0
train,1477,2,2,0,0
train,1479,2,2,0,0
train,1481,2,2,0,0
train,1483,2,2,0,0
train,1485,2,2,0,0
train,1486,2,2,0,0
train,1487,2,2,0,0
train,1489,2,2,0,0
train,1491,2,2,0,0
train,1493,2,2,0,0
train,1495,2,2,0,0
train,1497,2,2,0,0
train,1499,2,2,0,0
train,1501,2,2,0,0
train,1502,2,2,0,0
train,1504,1,1,0,0
train,1506,2,2,0,0
train,1508,2,2,0,0
train,1510,2,2,0,0
train,1512,2,2,0,0
train,1514,2,2,0,0
train,1515,2,2,0,0
train,1516,1,1,0,0
train,1518,2,2,0,0
train,1520,2,2,0,0
train,1522,2,2,0,0
train,1524,2,2,0,0
train,1526,2,2,0,0
train,1528,2,2,0,0
train,1530,2,2,0,0
train,1532,2,2,0,0
train,1534,2,2,0,0
train,1537,2,2,0,0
train,1539,2,2,0,0
train,1541,2,2,0,0
train,1543,2,2,0,0
train,1545,2,2,0,0
train,1547,2,2,0,0
train,1549,2,2,0,0
train,1550,0,0,0,0
train,1553,2,2,0,0
train,1555,2,2,0,0
train,1557,2,2,0,0
train,1559,1,1,0,0
train,1561,2,2,0,0
train,1563,0,0,0,0
train,1565,1,1,0,0
train,1567,1,1,0,0
train,1568,2,2,0,0
train,1570,2,2,0,0
train,1572,2,2,0,0
train,1574,2,2,0,0
train,1576,3,3,0,0
train,1578,2,2,0,0
train,1580,2,2,0,0
train,1581,2,2,0,0
train,1583,2,2,0,0
train,1585,2,2,0,0
train,1587,2,2,0,0
train,1589,2,2,0,0
train,1591,2,2,0,0
train,1593,2,2,0,0
train,1595,2,2,0,0
train,1597,2,2,0,0
train,1599,2,2,0,0
train,1601,2,2,0,0
train,1603,2,2,0,0
train,1605,2,2,0,0
train,1607,2,2,0,0
train,1609,2,2,0,0
train,1611,2,2,0,0
train,1613,2,2,0,0
train,1615,2,2,0,0
train,1617,3,3,0,0
train,1619,3,3,0,0
train,1621,3,3,0,0
train,1623,3,3,0,0
train,1625,3,3,0,0
train,1627,2,2,0,0
train,1629,3,3,0,0
train,1631,3,3,0,0
train,1633,3,3,0,0
train,1635,3,3,0,0
train,1637,2,2,0,0
train,1639,3,3,0,0
train,1641,3,3,0,0
train,1643,3,3,0,0
train,1645,3,3,0,0
train,1647,3,3,0,0
train,1649,3,3,0,0
train,1651,3,3,0,0
train,1653,3,3,0,0
train,1655,3,3,0,0
train,1657,3,3,0,0
train,1659,3,3,0,0
train,1661,3,3,0,0
train,1663,3,3,0,0
train,1665,3,3,0,0
train,1667,3,3,0,0
train,1669,3,3,0,0
train,1671,3,3,0,0
train,1673,3,3,0,0
train,1675,3,3,0,0
train,1677,3,3,0,0
train,1679,3,3,0,0
train,1681,3,3,0,0
train,1683,3,3,0,0
train,1685,3,3,0,0
train,1687,3,3,0,0
train,1689,3,3,0,0
train,1691,3,3,0,0
train,1693,3,3,0,0
train,1695,3,3,0,0
train,1697,3,3,0,0
train,1699,3,3,0,0
train,1701,3,3,0,0
train,1703,3,3,0,0
train,1705,3,3,0,0
train,1707,3,3,0,0
train,1709,3,3,0,0
train,1711,3,3,0,0
train,1713,3,3,0,0
train,1715,3,3,0,0
train,1717,3,3,0,0
train,1719,3,3,0,0
train,1721,3,3,0,0
train,1723,3,3,0,0
train,1725,3,3,0,0
train,1727,3,3,0,0
train,1729,3,3,0,0
train,1731,3,3,0,0
train,1733,3,3,0,0
train,1735,2,2,0,0
train,1737,2,2,0,0
train,1739,3,3,0,0
train,1741,3,3,0,0
train,1743,3,3,0,0
train,1745,3,3,0,0
train,1747,3,3,0,0
train,1749,3,3,0,0
train,1751,3,3,0,0
train,1753,2,2,0,0
train,1755,2,2,0,0
train,1758,3,3,0,0
train,1760,3,3,0,0
train,1762,3,3,0,0
train,1764,3,3,0,0
train,1766,3,3,0,0
train,1768,3,3,0,0
train,1770,3,3,0,0
train,1772,3,3,0,0
train,1774,3,3,0,0
train,1776,3,3,0,0
train,1778,3,3,0,0
train,1780,3,3,0,0
train,1782,3,3,0,0
train,1784,3,3,0,0
train,1786,3,3,0,0
train,1788,0,0,0,0
train,1790,3,3,0,0
train,1792,3,3,0,0
train,1794,3,3,0,0
train,1796,3,3,0,0
train,1798,3,3,0,0
train,1800,3,3,0,0
train,1802,3,3,0,0
train,1804,3,3,0,0
train,1806,3,3,0,0
train,1808,2,2,0,0
train,1810,3,3,0,0
train,1812,3,3,0,0
train,1814,3,3,0,0
train,1816,3,3,0,0
train,1818,3,3,0,0
train,1820,3,3,0,0
train,1822,3,3,0,0
train,1824,3,3,0,0
train,1826,3,3,0,0
train,1828,3,3,0,0
train,1830,3,3,0,0
train,1832,3,3,0,0
train,1834,3,3,0,0
train,1836,3,3,0,0
train,1838,3,3,0,0
train,1840,3,3,0,0
train,1842,3,3,0,0
train,1844,3,3,0,0
train,1846,3,3,0,0
train,1848,3,3,0,0
train,1850,3,3,0,0
train,1852,3,3,0,0
train,1854,3,3,0,0
train,1856,3,3,0,0
train,1858,3,3,0,0
train,1860,3,3,0,0
train,1862,3,3,0,0
train,1864,3,3,0,0
train,1866,3,3,0,0
train,1868,3,3,0,0
train,1870,3,3,0,0
train,1872,3,3,0,0
train,1874,3,3,0,0
train,1876,3,3,0,0
train,1878,3,3,0,0
train,1880,3,3,0,0
train,1882,3,3,0,0
train,1884,3,3,0,0
train,1886,3,3,0,0
train,1888,3,3,0,0
train,1890,3,3,0,0
train,1892,3,3,0,0
train,1894,3,3,0,0
train,1896,3,3,0,0
train,1898,3,3,0,0
train,1899,3,3,0,0
train,1901,3,3,0,0
train,1903,3,3,0,0
train,1905,3,3,0,0
train,1907,3,3,0,0
train,1909,3,3,0,0
train,1911,3,3,0,0
train,1913,3,3,0,0
train,1915,3,3,0,0
train,1917,3,3,0,0
train,1919,3,3,0,0
train,1921,3,3,0,0
train,1923,3,3,0,0
train,1925,3,3,0,0
train,1927,3,3,0,0
train,1929,3,3,0,0
train,1931,3,3,0,0
train,1933,3,3,0,0
train,1935,3,3,0,0
train,1937,3,3,0,0
train,1939,3,3,0,0
train,1941,3,3,0,0
train,1943,3,3,0,0
train,1945,3,3,0,0
train,1947,3,3,0,0
train,1949,3,3,0,0
train,1951,3,3,0,0
train,1953,3,3,0,0
train,1955,3,3,0,0
train,1957,3,3,0,0
train,1959,3,3,0,0
train,1961,3,3,0,0
train,1963,3,3,0,0
train,1965,3,3,0,0
train,1967,3,3,0,0
train,1969,1,1,0,0
train,1971,3,3,0,0
train,1973,3,3,0,0
train,1975,3,3,0,0
train,1977,3,3,0,0
train,1979,3,3,0,0
train,1981,3,3,0,0
train,1983,3,3,0,0
train,1985,3,3,0,0
train,1987,3,3,0,0
train,1989,3,3,0,0
train,1991,3,3,0,0
train,1993,3,3,0,0
train,1995,3,3,0,0
train,1997,3,3,0,0
train,1999,3,3,0,0
train,2001,3,3,0,0
train,2003,3,3,0,0
train,2005,3,3,0,0
train,2007,3,3,0,0
train,2009,3,3,0,0
train,2011,3,3,0,0
train,2013,3,3,0,0
train,2015,3,3,0,0
train,2017,3,3,0,0
train,2019,3,3,0,0
train,2021,3,3,0,0
train,2023,3,3,0,0
train,2025,3,3,0,0
train,2027,3,3,0,0
train,2029,3,3,0,0
train,2031,3,3,0,0
train,2033,3,3,0,0
train,2035,3,3,0,0
train,2037,3,3,0,0
train,2039,3,3,0,0
train,2040,3,3,0,0
train,2042,3,3,0,0
train,2044,3,3,0,0
train,2046,2,2,0,0
train,2048,2,2,0,0
train,2050,3,3,0,0
train,2052,3,3,0,0
train,2054,3,3,0,0
train,2056,3,3,0,0
train,2058,3,3,0,0
train,2060,3,3,0,0
train,2062,3,3,0,0
train,2064,3,3,0,0
train,2066,1,1,0,0
train,2068,3,3,0,0
train,2070,3,3,0,0
train,2072,3,3,0,0
train,2074,3,3,0,0
train,2076,3,3,0,0
train,2078,3,3,0,0
train,2080,3,3,0,0
train,2082,3,3,0,0
train,2084,3,3,0,0
train,2086,3,3,0,0
train,2088,3,3,0,0
train,2090,3,3,0,0
train,2092,3,3,0,0
train,2094,3,3,0,0
train,2096,3,3,0,0
train,2098,3,3,0,0
train,2100,1,1,0,0
train,2102,3,3,0,0
train,2104,3,3,0,0
train,2106,3,3,0,0
train,2108,2,2,0,0
train,2110,3,3,0,0
train,2112,3,3,0,0
train,2114,3,3,0,0
train,2116,3,3,0,0
train,2118,3,3,0,0
train,2120,3,3,0,0
train,2122,3,3,0,0
train,2124,3,3,0,0
train,2126,3,3,0,0
train,2128,3,3,0,0
train,2130,3,3,0,0
train,2132,3,3,0,0
train,2134,3,3,0,0
train,2136,3,3,0,0
train,2138,3,3,0,0
train,2140,3,3,0,0
train,2142,3,3,0,0
train,2144,3,3,0,0
train,2146,3,3,0,0
train,2148,3,3,0,0
train,2150,3,3,0,0
train,2152,3,3,0,0
train,2154,1,1,0,0
val,1,1,1,0,0
val,5,1,1,0,0
val,9,0,0,0,0
val,13,1,1,0,0
val,17,0,0,0,0
val,21,0,0,0,0
val,25,0,0,0,0
val,29,0,0,0,0
val,31,0,0,0,0
val,35,0,0,0,0
val,39,2,2,0,0
val,43,0,0,0,0
val,47,0,0,0,0
val,51,0,0,0,0
val,55,2,2,0,0
val,59,0,0,0,0
val,61,0,0,0,0
val,65,2,2,0,0
val,69,0,0,0,0
val,73,0,0,0,0
val,77,0,0,0,0
val,81,0,0,0,0
val,85,0,0,0,0
val,89,0,0,0,0
val,91,0,0,0,0
val,95,2,2,0,0
val,99,0,0,0,0
val,103,0,0,0,0
val,107,0,0,0,0
val,111,0,0,0,0
val,115,0,0,0,0
val,119,0,0,0,0
val,121,2,2,0,0
val,125,0,0,0,0
val,129,0,0,0,0
val,133,2,2,0,0
val,137,0,0,0,0
val,141,0,0,0,0
val,145,0,0,0,0
val,149,0,0,0,0
val,151,2,2,0,0
val,155,0,0,0,0
val,159,0,0,0,0
val,163,0,0,0,0
val,167,1,1,0,0
val,171,0,0,0,0
val,175,2,2,0,0
val,179,0,0,0,0
val,181,0,0,0,0
val,185,2,2,0,0
val,189,1,1,0,0
val,193,1,1,0,0
val,197,0,0,0,0
val,201,2,2,0,0
val,205,2,2,0,0
val,209,2,2,0,0
val,211,0,0,0,0
val,215,0,0,0,0
val,219,0,0,0,0
val,223,0,0,0,0
val,227,0,0,0,0
val,231,0,0,0,0
val,235,0,0,0,0
val,239,0,0,0,0
val,241,0,0,0,0
val,245,0,0,0,0
val,249,0,0,0,0
val,253,0,0,0,0
val,257,0,0,0,0
val,261,0,0,0,0
val,265,0,0,0,0
val,271,0,0,0,0
val,275,0,0,0,0
val,279,0,0,0,0
val,283,0,0,0,0
val,287,0,0,0,0
val,291,0,0,0,0
val,295,0,0,0,0
val,301,0,0,0,0
val,305,0,0,0,0
val,309,0,0,0,0
val,313,0,0,0,0
val,317,1,1,0,0
val,321,0,0,0,0
val,325,0,0,0,0
val,331,0,0,0,0
val,335,0,0,0,0
val,339,0,0,0,0
val,343,0,0,0,0
val,347,0,0,0,0
val,351,0,0,0,0
val,355,0,0,0,0
val,361,0,0,0,0
val,365,0,0,0,0
val,369,0,0,0,0
val,373,1,1,0,0
val,377,0,0,0,0
val,381,0,0,0,0
val,385,0,0,0,0
val,391,0,0,0,0
val,395,0,0,0,0
val,399,0,0,0,0
val,403,0,0,0,0
val,407,0,0,0,0
val,411,1,1,0,0
val,415,0,0,0,0
val,421,0,0,0,0
val,425,1,1,0,0
val,429,0,0,0,0
val,433,0,0,0,0
val,437,0,0,0,0
val,441,0,0,0,0
val,445,0,0,0,0
val,451,0,0,0,0
val,455,0,0,0,0
val,459,0,0,0,0
val,463,0,0,0,0
val,467,0,0,0,0
val,471,0,0,0,0
val,475,0,0,0,0
val,481,0,0,0,0
val,485,0,0,0,0
val,489,0,0,0,0
val,493,0,0,0,0
val,497,0,0,0,0
val,501,0,0,0,0
val,505,0,0,0,0
val,511,1,1,0,0
val,515,1,1,0,0
val,519,1,1,0,0
val,523,1,1,0,0
val,527,0,0,0,0
val,531,0,0,0,0
val,535,0,0,0,0
val,540,1,1,0,0
val,544,2,2,0,0
val,548,1,1,0,0
val,552,1,1,0,0
val,556,1,1,0,0
val,560,0,0,0,0
val,564,1,1,0,0
val,568,1,1,0,0
val,572,1,1,0,0
val,579,1,1,0,0
val,583,1,1,0,0
val,587,1,1,0,0
val,591,1,1,0,0
val,595,1,1,0,0
val,599,1,1,0,0
val,603,1,1,0,0
val,607,1,1,0,0
val,612,1,1,0,0
val,616,1,1,0,0
val,620,1,1,0,0
val,624,1,1,0,0
val,628,1,1,0,0
val,632,1,1,0,0
val,636,1,1,0,0
val,640,1,1,0,0
val,644,1,1,0,0
val,651,3,3,0,0
val,655,1,1,0,0
val,659,1,1,0,0
val,663,1,1,0,0
val,667,3,3,0,0
val,671,3,3,0,0
val,675,1,1,0,0
val,679,1,1,0,0
val,683,1,1,0,0
val,690,1,1,0,0
val,694,1,1,0,0
val,698,1,1,0,0
val,702,2,2,0,0
val,706,1,1,0,0
val,710,1,1,0,0
val,714,1,1,0,0
val,718,1,1,0,0
val,722,1,1,0,0
val,726,1,1,0,0
val,729,3,3,0,0
val,733,3,3,0,0
val,737,3,3,0,0
val,741,3,3,0,0
val,745,2,2,0,0
val,749,2,2,0,0
val,753,3,3,0,0
val,757,2,2,0,0
val,761,1,1,0,0
val,765,3,3,0,0
val,768,2,2,0,0
val,772,1,1,0,0
val,776,1,1,0,0
val,780,1,1,0,0
val,784,1,1,0,0
val,788,1,1,0,0
val,792,1,1,0,0
val,796,1,1,0,0
val,800,1,1,0,0
val,804,1,1,0,0
val,807,1,1,0,0
val,811,1,1,0,0
val,815,1,1,0,0
val,819,1,1,0,0
val,823,1,1,0,0
val,827,1,1,0,0
val,831,1,1,0,0
val,835,1,1,0,0
val,839,1,1,0,0
val,843,1,1,0,0
val,846,1,1,0,0
val,850,1,1,0,0
val,854,1,1,0,0
val,858,1,1,0,0
val,862,1,1,0,0
val,866,1,1,0,0
val,870,1,1,0,0
val,874,1,1,0,0
val,878,1,1,0,0
val,882,2,2,0,0
val,885,0,0,0,0
val,889,0,0,0,0
val,893,1,1,0,0
val,897,1,1,0,0
val,901,1,1,0,0
val,905,1,1,0,0
val,909,1,1,0,0
val,913,1,1,0,0
val,917,1,1,0,0
val,921,1,1,0,0
val,924,1,1,0,0
val,928,1,1,0,0
val,932,1,1,0,0
val,936,1,1,0,0
val,940,1,1,0,0
val,944,1,1,0,0
val,948,1,1,0,0
val,952,1,1,0,0
val,956,1,1,0,0
val,960,1,1,0,0
val,963,1,1,0,0
val,967,1,1,0,0
val,971,1,1,0,0
val,975,1,1,0,0
val,979,1,1,0,0
val,983,1,1,0,0
val,987,1,1,0,0
val,991,1,1,0,0
val,995,1,1,0,0
val,999,1,1,0,0
val,1002,1,1,0,0
val,1006,1,1,0,0
val,1010,1,1,0,0
val,1014,1,1,0,0
val,1018,1,1,0,0
val,1022,1,1,0,0
val,1026,0,0,0,0
val,1030,1,1,0,0
val,1034,1,1,0,0
val,1038,1,1,0,0
val,1041,0,0,0,0
val,1045,1,1,0,0
val,1049,1,1,0,0
val,1053,1,1,0,0
val,1057,0,0,0,0
val,1061,1,1,0,0
val,1065,1,1,0,0
val,1069,1,1,0,0
val,1073,1,1,0,0
val,1079,2,2,0,0
val,1083,2,2,0,0
val,1088,2,2,0,0
val,1092,2,2,0,0
val,1096,2,2,0,0
val,1099,2,2,0,0
val,1101,2,2,0,0
val,1105,2,2,0,0
val,1109,2,2,0,0
val,1112,2,2,0,0
val,1114,2,2,0,0
val,1118,2,2,0,0
val,1124,2,2,0,0
val,1128,2,2,0,0
val,1132,2,2,0,0
val,1135,2,2,0,0
val,1137,1,1,0,0
val,1141,1,1,0,0
val,1145,1,1,0,0
val,1148,2,2,0,0
val,1150,2,2,0,0
val,1155,2,2,0,0
val,1159,2,2,0,0
val,1163,2,2,0,0
val,1166,1,1,0,0
val,1168,2,2,0,0
val,1172,2,2,0,0
val,1176,2,2,0,0
val,1179,2,2,0,0
val,1182,2,2,0,0
val,1186,2,2,0,0
val,1190,2,2,0,0
val,1193,2,2,0,0
val,1195,2,2,0,0
val,1199,0,0,0,0
val,1203,1,1,0,0
val,1206,2,2,0,0
val,1208,2,2,0,0
val,1212,3,3,0,0
val,1216,0,0,0,0
val,1219,2,2,0,0
val,1221,2,2,0,0
val,1225,2,2,0,0
val,1229,2,2,0,0
val,1232,2,2,0,0
val,1235,2,2,0,0
val,1239,2,2,0,0
val,1243,2,2,0,0
val,1246,2,2,0,0
val,1248,2,2,0,0
val,1252,2,2,0,0
val,1256,2,2,0,0
val,1259,2,2,0,0
val,1261,2,2,0,0
val,1265,2,2,0,0
val,1271,2,2,0,0
val,1275,0,0,0,0
val,1279,0,0,0,0
val,1284,2,2,0,0
val,1288,2,2,0,0
val,1292,1,1,0,0
val,1297,2,2,0,0
val,1301,2,2,0,0
val,1305,3,3,0,0
val,1310,3,3,0,0
val,1314,3,3,0,0
val,1318,0,0,0,0
val,1324,1,1,0,0
val,1328,2,2,0,0
val,1332,0,0,0,0
val,1337,1,1,0,0
val,1341,1,1,0,0
val,1345,1,1,0,0
val,1350,2,2,0,0
val,1354,2,2,0,0
val,1358,2,2,0,0
val,1363,2,2,0,0
val,1367,2,2,0,0
val,1371,2,2,0,0
val,1376,2,2,0,0
val,1380,2,2,0,0
val,1384,2,2,0,0
val,1389,0,0,0,0
val,1395,2,2,0,0
val,1399,0,0,0,0
val,1403,2,2,0,0
val,1409,3,3,0,0
val,1413,2,2,0,0
val,1417,2,2,0,0
val,1422,0,0,0,0
val,1426,2,2,0,0
val,1430,2,2,0,0
val,1435,2,2,0,0
val,1439,2,2,0,0
val,1443,2,2,0,0
val,1448,2,2,0,0
val,1452,2,2,0,0
val,1456,0,0,0,0
val,1461,2,2,0,0
val,1465,2,2,0,0
val,1469,2,2,0,0
val,1474,2,2,0,0
val,1478,2,2,0,0
val,1482,2,2,0,0
val,1490,2,2,0,0
val,1494,2,2,0,0
val,1498,2,2,0,0
val,1503,2,2,0,0
val,1507,1,1,0,0
val,1511,2,2,0,0
val,1517,2,2,0,0
val,1521,2,2,0,0
val,1527,2,2,0,0
val,1531,2,2,0,0
val,1535,2,2,0,0
val,1538,2,2,0,0
val,1542,2,2,0,0
val,1546,0,0,0,0
val,1551,2,2,0,0
val,1556,0,0,0,0
val,1560,0,0,0,0
val,1564,2,2,0,0
val,1569,2,2,0,0
val,1573,2,2,0,0
val,1577,2,2,0,0
val,1582,2,2,0,0
val,1586,2,2,0,0
val,1590,2,2,0,0
val,1594,2,2,0,0
val,1598,2,2,0,0
val,1602,2,2,0,0
val,1606,2,2,0,0
val,1610,2,2,0,0
val,1614,2,2,0,0
val,1618,3,3,0,0
val,1622,3,3,0,0
val,1626,3,3,0,0
val,1630,3,3,0,0
val,1634,3,3,0,0
val,1638,3,3,0,0
val,1642,3,3,0,0
val,1646,3,3,0,0
val,1650,3,3,0,0
val,1654,1,1,0,0
val,1658,3,3,0,0
val,1662,2,2,0,0
val,1666,3,3,0,0
val,1670,3,3,0,0
val,1674,3,3,0,0
val,1678,3,3,0,0
val,1682,3,3,0,0
val,1686,3,3,0,0
val,1690,3,3,0,0
val,1694,3,3,0,0
val,1698,3,3,0,0
val,1702,3,3,0,0
val,1706,3,3,0,0
val,1710,3,3,0,0
val,1714,3,3,0,0
val,1718,3,3,0,0
val,1722,3,3,0,0
val,1726,3,3,0,0
val,1730,3,3,0,0
val,1734,3,3,0,0
val,1738,3,3,0,0
val,1742,3,3,0,0
val,1746,3,3,0,0
val,1750,3,3,0,0
val,1754,3,3,0,0
val,1759,3,3,0,0
val,1763,3,3,0,0
val,1767,3,3,0,0
val,1771,3,3,0,0
val,1775,3,3,0,0
val,1779,3,3,0,0
val,1783,3,3,0,0
val,1787,0,0,0,0
val,1791,3,3,0,0
val,1795,0,0,0,0
val,1799,3,3,0,0
val,1803,3,3,0,0
val,1807,3,3,0,0
val,1811,0,0,0,0
val,1815,2,2,0,0
val,1819,3,3,0,0
val,1823,3,3,0,0
val,1827,3,3,0,0
val,1831,3,3,0,0
val,1835,2,2,0,0
val,1839,3,3,0,0
val,1843,3,3,0,0
val,1847,3,3,0,0
val,1851,3,3,0,0
val,1855,3,3,0,0
val,1859,2,2,0,0
val,1863,3,3,0,0
val,1867,3,3,0,0
val,1871,3,3,0,0
val,1875,3,3,0,0
val,1879,3,3,0,0
val,1883,3,3,0,0
val,1887,3,3,0,0
val,1891,3,3,0,0
val,1895,3,3,0,0
val,1900,3,3,0,0
val,1904,3,3,0,0
val,1908,3,3,0,0
val,1912,3,3,0,0
val,1916,2,2,0,0
val,1920,3,3,0,0
val,1924,3,3,0,0
val,1928,3,3,0,0
val,1932,3,3,0,0
val,1936,3,3,0,0
val,1940,3,3,0,0
val,1944,3,3,0,0
val,1948,3,3,0,0
val,1952,3,3,0,0
val,1956,3,3,0,0
val,1960,3,3,0,0
val,1964,3,3,0,0
val,1968,3,3,0,0
val,1972,3,3,0,0
val,1976,3,3,0,0
val,1980,3,3,0,0
val,1984,3,3,0,0
val,1988,3,3,0,0
val,1992,3,3,0,0
val,1996,3,3,0,0
val,2000,3,3,0,0
val,2004,3,3,0,0
val,2008,3,3,0,0
val,2012,3,3,0,0
val,2016,3,3,0,0
val,2020,3,3,0,0
val,2024,3,3,0,0
val,2028,3,3,0,0
val,2032,3,3,0,0
val,2036,3,3,0,0
val,2041,3,3,0,0
val,2045,3,3,0,0
val,2049,3,3,0,0
val,2053,3,3,0,0
val,2057,3,3,0,0
val,2061,2,2,0,0
val,2065,3,3,0,0
val,2069,3,3,0,0
val,2073,1,1,0,0
val,2077,3,3,0,0
val,2081,3,3,0,0
val,2085,3,3,0,0
val,2089,3,3,0,0
val,2093,2,2,0,0
val,2097,3,3,0,0
val,2101,1,1,0,0
val,2105,3,3,0,0
val,2109,1,1,0,0
val,2113,2,2,0,0
val,2117,3,3,0,0
val,2121,1,1,0,0
val,2125,3,3,0,0
val,2129,3,3,0,0
val,2133,3,3,0,0
val,2137,3,3,0,0
val,2141,3,3,0,0
val,2145,3,3,0,0
val,2149,3,3,0,0
val,2153,3,3,0,0
test,3,0,0,0,0
test,7,0,0,0,0
test,11,0,0,0,0
test,15,0,0,0,0
test,19,0,0,0,0
test,23,0,0,0,0
test,27,0,0,0,0
test,33,0,0,0,0
test,37,0,0,0,0
test,41,0,0,0,0
test,45,0,0,0,0
test,49,0,0,0,0
test,53,1,1,0,0
test,57,1,1,0,0
test,63,0,0,0,0
test,67,0,0,0,0
test,71,0,0,0,0
test,75,0,0,0,0
test,79,0,0,0,0
test,83,0,0,0,0
test,87,0,0,0,0
test,93,0,0,0,0
test,97,0,0,0,0
test,101,0,0,0,0
test,105,0,0,0,0
test,109,0,0,0,0
test,113,0,0,0,0
test,117,0,0,0,0
test,123,0,0,0,0
test,127,0,0,0,0
test,131,1,1,0,0
test,135,0,0,0,0
test,139,0,0,0,0
test,143,0,0,0,0
test,147,0,0,0,0
test,153,0,0,0,0
test,157,0,0,0,0
test,161,0,0,0,0
test,165,3,3,0,0
test,169,0,0,0,0
test,173,0,0,0,0
test,177,3,3,0,0
test,183,2,2,0,0
test,187,0,0,0,0
test,191,0,0,0,0
test,195,0,0,0,0
test,199,0,0,0,0
test,203,0,0,0,0
test,207,2,2,0,0
test,213,0,0,0,0
test,217,0,0,0,0
test,221,0,0,0,0
test,225,0,0,0,0
test,229,0,0,0,0
test,233,0,0,0,0
test,237,0,0,0,0
test,243,0,0,0,0
test,247,2,2,0,0
test,251,0,0,0,0
test,255,0,0,0,0
test,259,0,0,0,0
test,263,0,0,0,0
test,267,0,0,0,0
test,269,1,1,0,0
test,273,0,0,0,0
test,277,0,0,0,0
test,281,0,0,0,0
test,285,0,0,0,0
test,289,0,0,0,0
test,293,0,0,0,0
test,297,1,1,0,0
test,299,0,0,0,0
test,303,0,0,0,0
test,307,0,0,0,0
test,311,0,0,0,0
test,315,2,2,0,0
test,319,0,0,0,0
test,323,0,0,0,0
test,327,0,0,0,0
test,329,0,0,0,0
test,333,0,0,0,0
test,337,1,1,0,0
test,341,0,0,0,0
test,345,0,0,0,0
test,349,0,0,0,0
test,353,0,0,0,0
test,357,0,0,0,0
test,359,0,0,0,0
test,363,0,0,0,0
test,367,0,0,0,0
test,371,0,0,0,0
test,375,0,0,0,0
test,379,2,2,0,0
test,383,0,0,0,0
test,387,0,0,0,0
test,389,0,0,0,0
test,393,0,0,0,0
test,397,0,0,0,0
test,401,0,0,0,0
test,405,3,3,0,0
test,409,0,0,0,0
test,413,1,1,0,0
test,417,1,1,0,0
test,419,1,1,0,0
test,423,0,0,0,0
test,427,2,2,0,0
test,431,0,0,0,0
test,435,0,0,0,0
test,439,0,0,0,0
test,443,0,0,0,0
test,447,0,0,0,0
test,449,0,0,0,0
test,453,0,0,0,0
test,457,0,0,0,0
test,461,0,0,0,0
test,465,0,0,0,0
test,469,2,2,0,0
test,473,0,0,0,0
test,477,0,0,0,0
test,479,0,0,0,0
test,483,0,0,0,0
test,487,0,0,0,0
test,491,0,0,0,0
test,495,0,0,0,0
test,499,0,0,0,0
test,503,0,0,0,0
test,507,0,0,0,0
test,509,0,0,0,0
test,513,1,1,0,0
test,517,0,0,0,0
test,521,1,1,0,0
test,525,2,2,0,0
test,529,0,0,0,0
test,533,0,0,0,0
test,537,1,1,0,0
test,542,1,1,0,0
test,546,0,0,0,0
test,550,1,1,0,0
test,554,1,1,0,0
test,558,0,0,0,0
test,562,0,0,0,0
test,566,0,0,0,0
test,570,1,1,0,0
test,574,1,1,0,0
test,581,1,1,0,0
test,585,1,1,0,0
test,589,1,1,0,0
test,593,1,1,0,0
test,597,1,1,0,0
test,601,2,2,0,0
test,605,1,1,0,0
test,609,1,1,0,0
test,614,1,1,0,0
test,618,1,1,0,0
test,622,0,0,0,0
test,626,1,1,0,0
test,630,1,1,0,0
test,634,1,1,0,0
test,638,1,1,0,0
test,642,1,1,0,0
test,646,1,1,0,0
test,653,2,2,0,0
test,657,1,1,0,0
test,661,1,1,0,0
test,665,1,1,0,0
test,669,3,3,0,0
test,673,1,1,0,0
test,677,1,1,0,0
test,681,1,1,0,0
test,685,1,1,0,0
test,692,1,1,0,0
test,696,1,1,0,0
test,700,1,1,0,0
test,704,1,1,0,0
test,708,1,1,0,0
test,712,0,0,0,0
test,716,1,1,0,0
test,720,1,1,0,0
test,724,1,1,0,0
test,727,1,1,0,0
test,731,2,2,0,0
test,735,3,3,0,0
test,739,3,3,0,0
test,743,1,1,0,0
test,747,2,2,0,0
test,751,1,1,0,0
test,755,3,3,0,0
test,759,1,1,0,0
test,763,1,1,0,0
test,766,3,3,0,0
test,770,1,1,0,0
test,774,1,1,0,0
test,778,1,1,0,0
test,782,1,1,0,0
test,786,1,1,0,0
test,790,1,1,0,0
test,794,2,2,0,0
test,798,1,1,0,0
test,802,1,1,0,0
test,805,1,1,0,0
test,809,1,1,0,0
test,813,1,1,0,0
test,817,1,1,0,0
test,821,1,1,0,0
test,825,1,1,0,0
test,829,1,1,0,0
test,833,1,1,0,0
test,837,1,1,0,0
test,841,1,1,0,0
test,844,1,1,0,0
test,848,0,0,0,0
test,852,1,1,0,0
test,856,1,1,0,0
test,860,1,1,0,0
test,864,1,1,0,0
test,868,1,1,0,0
test,872,1,1,0,0
test,876,1,1,0,0
test,880,1,1,0,0
test,883,1,1,0,0
test,887,2,2,0,0
test,891,1,1,0,0
test,895,1,1,0,0
test,899,1,1,0,0
test,903,1,1,0,0
test,907,2,2,0,0
test,911,1,1,0,0
test,915,1,1,0,0
test,919,1,1,0,0
test,922,1,1,0,0
test,926,1,1,0,0
test,930,1,1,0,0
test,934,1,1,0,0
test,938,1,1,0,0
test,942,1,1,0,0
test,946,1,1,0,0
test,950,1,1,0,0
test,954,1,1,0,0
test,958,1,1,0,0
test,961,1,1,0,0
test,965,1,1,0,0
test,969,1,1,0,0
test,973,1,1,0,0
test,977,1,1,0,0
test,981,1,1,0,0
test,985,1,1,0,0
test,989,1,1,0,0
test,993,1,1,0,0
test,997,1,1,0,0
test,1000,1,1,0,0
test,1004,1,1,0,0
test,1008,1,1,0,0
test,1012,1,1,0,0
test,1016,2,2,0,0
test,1020,1,1,0,0
test,1024,1,1,0,0
test,1028,2,2,0,0
test,1032,1,1,0,0
test,1036,0,0,0,0
test,1039,1,1,0,0
test,1043,1,1,0,0
test,1047,1,1,0,0
test,1051,0,0,0,0
test,1055,1,1,0,0
test,1059,1,1,0,0
test,1063,1,1,0,0
test,1067,1,1,0,0
test,1071,1,1,0,0
test,1075,1,1,0,0
test,1077,1,1,0,0
test,1081,0,0,0,0
test,1085,0,0,0,0
test,1090,1,1,0,0
test,1094,1,1,0,0
test,1098,2,2,0,0
test,1103,2,2,0,0
test,1107,2,2,0,0
test,1111,2,2,0,0
test,1116,2,2,0,0
test,1120,2,2,0,0
test,1122,2,2,0,0
test,1126,2,2,0,0
test,1130,2,2,0,0
test,1134,2,2,0,0
test,1139,2,2,0,0
test,1143,2,2,0,0
test,1147,1,1,0,0
test,1152,1,1,0,0
test,1157,2,2,0,0
test,1161,2,2,0,0
test,1165,1,1,0,0
test,1170,2,2,0,0
test,1174,2,2,0,0
test,1178,2,2,0,0
test,1184,2,2,0,0
test,1188,2,2,0,0
test,1192,2,2,0,0
test,1197,2,2,0,0
test,1201,2,2,0,0
test,1205,1,1,0,0
test,1210,2,2,0,0
test,1214,1,1,0,0
test,1218,3,3,0,0
test,1223,2,2,0,0
test,1227,2,2,0,0
test,1231,2,2,0,0
test,1237,2,2,0,0
test,1241,2,2,0,0
test,1245,2,2,0,0
test,1250,3,3,0,0
test,1254,2,2,0,0
test,1258,2,2,0,0
test,1263,1,1,0,0
test,1267,2,2,0,0
test,1269,3,3,0,0
test,1273,0,0,0,0
test,1277,0,0,0,0
test,1281,2,2,0,0
test,1282,3,3,0,0
test,1286,1,1,0,0
test,1290,1,1,0,0
test,1294,3,3,0,0
test,1295,1,1,0,0
test,1299,2,2,0,0
test,1303,1,1,0,0
test,1307,2,2,0,0
test,1308,2,2,0,0
test,1312,2,2,0,0
test,1316,1,1,0,0
test,1320,3,3,0,0
test,1321,3,3,0,0
test,1326,2,2,0,0
test,1330,0,0,0,0
test,1334,0,0,0,0
test,1335,0,0,0,0
test,1339,1,1,0,0
test,1343,3,3,0,0
test,1347,2,2,0,0
test,1348,2,2,0,0
test,1352,2,2,0,0
test,1356,2,2,0,0
test,1360,2,2,0,0
test,1361,2,2,0,0
test,1365,2,2,0,0
test,1369,2,2,0,0
test,1373,0,0,0,0
test,1378,2,2,0,0
test,1382,2,2,0,0
test,1386,2,2,0,0
test,1391,2,2,0,0
test,1393,2,2,0,0
test,1397,2,2,0,0
test,1401,2,2,0,0
test,1405,2,2,0,0
test,1411,2,2,0,0
test,1415,2,2,0,0
test,1419,1,1,0,0
test,1424,2,2,0,0
test,1428,3,3,0,0
test,1432,2,2,0,0
test,1437,2,2,0,0
test,1441,3,3,0,0
test,1445,2,2,0,0
test,1450,2,2,0,0
test,1454,2,2,0,0
test,1458,2,2,0,0
test,1463,2,2,0,0
test,1467,2,2,0,0
test,1471,2,2,0,0
test,1476,2,2,0,0
test,1480,2,2,0,0
test,1484,2,2,0,0
test,1488,2,2,0,0
test,1492,2,2,0,0
test,1496,2,2,0,0
test,1500,2,2,0,0
test,1505,2,2,0,0
test,1509,2,2,0,0
test,1513,2,2,0,0
test,1519,2,2,0,0
test,1523,2,2,0,0
test,1525,2,2,0,0
test,1529,2,2,0,0
test,1533,1,1,0,0
test,1536,1,1,0,0
test,1540,2,2,0,0
test,1544,2,2,0,0
test,1548,2,2,0,0
test,1552,2,2,0,0
test,1554,2,2,0,0
test,1558,2,2,0,0
test,1562,0,0,0,0
test,1566,1,1,0,0
test,1571,2,2,0,0
test,1575,2,2,0,0
test,1579,2,2,0,0
test,1584,2,2,0,0
test,1588,2,2,0,0
test,1592,2,2,0,0
test,1596,2,2,0,0
test,1600,2,2,0,0
test,1604,2,2,0,0
test,1608,2,2,0,0
test,1612,2,2,0,0
test,1616,2,2,0,0
test,1620,3,3,0,0
test,1624,3,3,0,0
test,1628,2,2,0,0
test,1632,3,3,0,0
test,1636,1,1,0,0
test,1640,2,2,0,0
test,1644,3,3,0,0
test,1648,3,3,0,0
test,1652,2,2,0,0
test,1656,3,3,0,0
test,1660,3,3,0,0
test,1664,3,3,0,0
test,1668,3,3,0,0
test,1672,3,3,0,0
test,1676,3,3,0,0
test,1680,3,3,0,0
test,1684,3,3,0,0
test,1688,2,2,0,0
test,1692,3,3,0,0
test,1696,3,3,0,0
test,1700,3,3,0,0
test,1704,3,3,0,0
test,1708,3,3,0,0
test,1712,3,3,0,0
test,1716,3,3,0,0
test,1720,3,3,0,0
test,1724,3,3,0,0
test,1728,3,3,0,0
test,1732,3,3,0,0
test,1736,3,3,0,0
test,1740,3,3,0,0
test,1744,3,3,0,0
test,1748,3,3,0,0
test,1752,3,3,0,0
test,1756,3,3,0,0
test,1757,3,3,0,0
test,1761,3,3,0,0
test,1765,3,3,0,0
test,1769,3,3,0,0
test,1773,3,3,0,0
test,1777,3,3,0,0
test,1781,3,3,0,0
test,1785,3,3,0,0
test,1789,0,0,0,0
test,1793,2,2,0,0
test,1797,3,3,0,0
test,1801,0,0,0,0
test,1805,3,3,0,0
test,1809,3,3,0,0
test,1813,3,3,0,0
test,1817,0,0,0,0
test,1821,3,3,0,0
test,1825,3,3,0,0
test,1829,0,0,0,0
test,1833,3,3,0,0
test,1837,3,3,0,0
test,1841,3,3,0,0
test,1845,2,2,0,0
test,1849,3,3,0,0
test,1853,3,3,0,0
test,1857,3,3,0,0
test,1861,3,3,0,0
test,1865,3,3,0,0
test,1869,3,3,0,0
test,1873,2,2,0,0
test,1877,3,3,0,0
test,1881,3,3,0,0
test,1885,3,3,0,0
test,1889,3,3,0,0
test,1893,3,3,0,0
test,1897,2,2,0,0
test,1902,3,3,0,0
test,1906,3,3,0,0
test,1910,3,3,0,0
test,1914,3,3,0,0
test,1918,3,3,0,0
test,1922,3,3,0,0
test,1926,3,3,0,0
test,1930,3,3,0,0
test,1934,3,3,0,0
test,1938,3,3,0,0
test,1942,3,3,0,0
test,1946,0,0,0,0
test,1950,3,3,0,0
test,1954,3,3,0,0
test,1958,3,3,0,0
test,1962,3,3,0,0
test,1966,3,3,0,0
test,1970,3,3,0,0
test,1974,3,3,0,0
test,1978,3,3,0,0
test,1982,0,0,0,0
test,1986,3,3,0,0
test,1990,3,3,0,0
test,1994,3,3,0,0
test,1998,3,3,0,0
test,2002,3,3,0,0
test,2006,3,3,0,0
test,2010,3,3,0,0
test,2014,3,3,0,0
test,2018,3,3,0,0
test,2022,3,3,0,0
test,2026,3,3,0,0
test,2030,3,3,0,0
test,2034,3,3,0,0
test,2038,3,3,0,0
test,2043,3,3,0,0
test,2047,3,3,0,0
test,2051,2,2,0,0
test,2055,3,3,0,0
test,2059,3,3,0,0
test,2063,3,3,0,0
test,2067,1,1,0,0
test,2071,3,3,0,0
test,2075,3,3,0,0
test,2079,3,3,0,0
test,2083,3,3,0,0
test,2087,3,3,0,0
test,2091,1,1,0,0
test,2095,3,3,0,0
test,2099,1,1,0,0
test,2103,2,2,0,0
test,2107,3,3,0,0
test,2111,1,1,0,0
test,2115,1,1,0,0
test,2119,3,3,0,0
test,2123,3,3,0,0
test,2127,3,3,0,0
test,2131,3,3,0,0
test,2135,3,3,0,0
test,2139,3,3,0,0
test,2143,3,3,0,0
test,2147,3,3,0,0
test,2151,3,3,0,0
test,2155,3,3,0,0
