case_id,split,record_id,window_id,true_class,expected_class,pred_class,pred_valid,class_mem_NSR,class_mem_CHF,class_mem_ARR,class_mem_AFF,mem_file,beat_count,pnn_match_count,pnn_mismatch_count,dscr_flip_count,dscr_slope_count,ram_code_sum,ram_code_count,rdm_valid_count,rdm_code_sum,rdm_ge10_count,rdm_ge20_count,rdm_ge30_count,rdm_ge40_count,rdm_ge50_count,rdm_ge60_count,rdm_ge70_count,rdm_ge80_count,rdm_ge90_count,rdm_ge100_count,rdm_ge110_count,rdm_ge120_count,rdm_ge130_count,rdm_ge140_count,rdm_ge150_count,ectopic_pair_count,qrs_maf_valid_count,qrs_maf_count,qrs_maf_code_sum,qrs_width_abn_count,qrs_complex_abn_count,qrs_energy_abn_count,qrs_terminal_delay_count,qrs_late_energy_count,qrs_asymmetry_count,qrs_peak_to_tail_count,qrs_pvc_like_count,qrs_rbbb_like_count,qrs_maf_width_sum,qrs_maf_complex_sum,qrs_maf_energy_sum,rbbb_delay_valid_count,rbbb_delay_wide_count,rbbb_delay_terminal_count,rbbb_delay_like_count,rbbb_delay_segment_count,rbbb_delay_applied_count,pre_qrs_bump_count,eerg_gate_count,eerg_applied_count,eerg_pre_qrs_bump_count,eerg_early_count,eerg_ecp_count,eerg_pnn_decision_count,eerg_pnn_mismatch_count,eerg_rdm_valid_count,eerg_rdm_code_sum
0,test,06426,0,AFF,3,3,1,-181179285,-22724526,-8037318,12597904,C:\Users\YangGeon\SNN_ECG_RESTORE_MODEL_S\results\python_rtl_equivalence\windows\case0000_test_AFF_06426_w00000.mem,82,37,43,12,1687,144,36,80,826,76,69,66,62,59,57,56,53,51,49,49,49,47,42,41,17,82,10,133,6,0,5,0,0,0,0,0,0,2377,8,810,105,8,28,8,0,0,82,0,0,82,16,17,80,43,80,826
1,test,06426,188,AFF,3,3,1,-200334350,-30865387,-53056702,73920873,C:\Users\YangGeon\SNN_ECG_RESTORE_MODEL_S\results\python_rtl_equivalence\windows\case0001_test_AFF_06426_w00188.mem,153,106,45,141,3684,1213,107,151,1059,120,109,96,86,82,74,70,66,61,56,54,51,49,43,42,14,153,125,1547,112,0,69,0,0,0,0,0,0,17891,112,1931,197,22,46,22,0,0,153,0,0,153,38,14,151,45,151,1059
2,test,06426,306,AFF,3,3,1,-157613274,-56539232,-33566369,50978209,C:\Users\YangGeon\SNN_ECG_RESTORE_MODEL_S\results\python_rtl_equivalence\windows\case0002_test_AFF_06426_w00306.mem,108,53,53,161,4673,518,53,106,1007,101,93,85,79,76,68,64,63,61,59,57,55,52,49,45,14,108,39,715,24,0,20,0,0,0,0,0,0,3553,158,1737,192,38,50,38,0,0,108,0,0,108,14,14,106,53,106,1007
3,test,06426,612,AFF,3,3,1,-121417007,-65869186,-33793320,22393405,C:\Users\YangGeon\SNN_ECG_RESTORE_MODEL_S\results\python_rtl_equivalence\windows\case0003_test_AFF_06426_w00612.mem,88,35,51,115,2529,186,35,86,948,84,79,79,74,70,68,63,60,58,57,54,52,50,50,50,24,88,9,117,8,0,2,0,0,0,0,0,0,8335,61,1063,130,3,3,3,0,0,88,0,0,88,30,24,86,51,86,948
4,test,07859,0,AFF,3,3,1,-121535364,-86275286,-31176646,37788175,C:\Users\YangGeon\SNN_ECG_RESTORE_MODEL_S\results\python_rtl_equivalence\windows\case0004_test_AFF_07859_w00000.mem,92,45,45,0,5,205,45,90,859,85,77,73,69,65,61,59,54,51,48,46,44,44,43,40,19,92,29,7,29,0,0,0,0,0,0,0,0,2825,0,33,158,0,0,0,0,0,92,0,0,92,29,19,90,45,90,859
5,test,07859,149,AFF,3,1,1,-114474882,-2763806,-78247683,-2853039,C:\Users\YangGeon\SNN_ECG_RESTORE_MODEL_S\results\python_rtl_equivalence\windows\case0005_test_AFF_07859_w00149.mem,99,79,18,0,0,268,79,97,654,89,82,71,65,58,52,44,40,35,31,25,20,16,14,12,1,99,1,4,1,0,0,0,0,0,0,0,0,3156,0,35,99,0,0,0,0,0,99,0,0,99,4,1,97,18,97,654
6,test,07859,306,AFF,3,1,1,-118016446,-11232096,-43335896,-27006687,C:\Users\YangGeon\SNN_ECG_RESTORE_MODEL_S\results\python_rtl_equivalence\windows\case0006_test_AFF_07859_w00306.mem,104,82,20,0,25,475,81,102,674,92,84,76,68,60,50,45,37,31,29,25,22,20,18,17,5,104,4,1,4,0,0,0,0,0,0,0,0,3670,0,50,109,0,0,0,0,0,104,0,0,104,36,5,102,20,102,674
7,test,07859,612,AFF,3,3,1,-102529595,-40331231,-61473361,5312875,C:\Users\YangGeon\SNN_ECG_RESTORE_MODEL_S\results\python_rtl_equivalence\windows\case0007_test_AFF_07859_w00612.mem,109,84,23,0,0,400,84,107,727,101,88,80,74,66,58,51,43,36,30,27,24,20,16,13,3,109,3,9,3,0,0,0,0,0,0,0,0,3292,0,22,109,0,0,0,0,0,109,0,0,109,3,3,107,23,107,727
8,test,07910,0,AFF,3,0,1,13731274,-42446253,-58877926,-107053075,C:\Users\YangGeon\SNN_ECG_RESTORE_MODEL_S\results\python_rtl_equivalence\windows\case0008_test_AFF_07910_w00000.mem,58,52,4,107,1447,558,52,56,101,24,11,7,6,6,6,6,5,5,5,4,4,4,4,4,0,58,1,0,1,0,0,0,0,0,0,0,0,3158,107,207,58,0,0,0,0,0,58,0,0,58,2,0,56,4,56,101
9,test,07910,210,AFF,3,1,1,-39502264,-8053954,-24752999,-125489095,C:\Users\YangGeon\SNN_ECG_RESTORE_MODEL_S\results\python_rtl_equivalence\windows\case0009_test_AFF_07910_w00210.mem,54,48,4,0,426,335,48,52,107,31,19,8,5,4,4,4,4,4,4,4,4,4,4,4,0,54,1,0,1,0,0,0,0,0,0,0,0,2945,0,110,57,0,0,0,0,0,54,0,0,54,4,0,52,4,52,107
10,test,07910,306,AFF,3,1,1,-14740519,3449279,-66092732,-117981355,C:\Users\YangGeon\SNN_ECG_RESTORE_MODEL_S\results\python_rtl_equivalence\windows\case0010_test_AFF_07910_w00306.mem,58,56,0,20,708,379,56,56,33,25,7,1,0,0,0,0,0,0,0,0,0,0,0,0,0,58,0,0,0,0,0,0,0,0,0,0,0,3432,20,148,58,0,0,0,0,0,58,0,0,58,0,0,56,0,56,33
11,test,07910,612,AFF,3,3,1,-119965111,-92298610,-19255640,30321985,C:\Users\YangGeon\SNN_ECG_RESTORE_MODEL_S\results\python_rtl_equivalence\windows\case0011_test_AFF_07910_w00612.mem,80,25,53,6,743,181,26,78,901,77,73,71,67,65,64,63,62,60,57,54,53,49,45,41,18,80,0,0,0,0,0,0,0,0,0,0,0,3051,6,205,80,0,0,0,0,0,80,0,0,80,15,18,78,53,78,901
12,test,200,0,ARR,2,2,1,-157470230,-89721854,46724110,-808973,C:\Users\YangGeon\SNN_ECG_RESTORE_MODEL_S\results\python_rtl_equivalence\windows\case0012_test_ARR_200_w00000.mem,89,24,63,55,1808,274,24,87,1033,84,81,80,73,72,70,66,65,65,65,63,63,62,62,62,35,89,7,77,6,0,3,0,0,0,0,0,0,3836,55,616,126,7,19,7,0,0,89,0,0,89,26,35,87,63,87,1033
13,test,200,15,ARR,2,3,1,-129925290,-48852871,-16561215,-5522619,C:\Users\YangGeon\SNN_ECG_RESTORE_MODEL_S\results\python_rtl_equivalence\windows\case0013_test_ARR_200_w00015.mem,95,60,33,23,1578,537,60,93,768,83,72,70,65,61,57,53,49,48,42,38,35,32,32,31,6,95,9,63,6,0,3,0,0,0,0,0,0,4699,23,540,116,2,6,2,0,0,95,0,0,95,5,6,93,33,93,768
14,test,200,17,ARR,2,2,1,-136375337,-82512308,60935612,-42206458,C:\Users\YangGeon\SNN_ECG_RESTORE_MODEL_S\results\python_rtl_equivalence\windows\case0014_test_ARR_200_w00017.mem,85,22,61,24,1627,246,22,83,1043,83,80,79,77,75,74,72,69,67,65,62,61,60,60,59,30,85,6,42,4,0,3,0,0,0,0,0,0,4775,22,577,118,7,15,7,0,0,85,0,0,85,22,30,83,61,83,1043
15,test,200,29,ARR,2,3,1,-145566854,-56397457,-8183767,10373378,C:\Users\YangGeon\SNN_ECG_RESTORE_MODEL_S\results\python_rtl_equivalence\windows\case0015_test_ARR_200_w00029.mem,89,41,46,10,1118,289,41,87,908,84,81,80,75,71,67,65,58,54,53,48,46,45,42,39,19,89,16,76,13,0,4,0,0,0,0,0,0,5560,10,406,112,1,4,1,0,0,89,0,0,89,26,19,87,46,87,908
16,test,208,0,ARR,2,3,1,-77776197,-51683400,-37518654,-29910466,C:\Users\YangGeon\SNN_ECG_RESTORE_MODEL_S\results\python_rtl_equivalence\windows\case0016_test_ARR_208_w00000.mem,106,74,30,146,2996,1152,74,104,736,92,80,76,70,61,54,48,46,39,37,34,29,27,22,21,3,106,27,316,21,0,11,0,0,0,0,0,0,5414,141,874,136,5,10,5,0,0,106,0,0,106,22,3,104,30,104,736
17,test,208,2,ARR,2,3,1,-137432509,-89511896,1838947,21330460,C:\Users\YangGeon\SNN_ECG_RESTORE_MODEL_S\results\python_rtl_equivalence\windows\case0017_test_ARR_208_w00002.mem,100,33,65,122,2702,488,33,98,1175,95,91,89,88,87,84,81,81,80,77,74,67,65,60,56,29,100,33,382,28,0,7,0,0,0,0,0,0,5716,122,854,107,6,11,6,0,0,100,0,0,100,17,29,98,65,98,1175
18,test,208,15,ARR,2,3,1,-89975094,-67339887,-33654416,438824,C:\Users\YangGeon\SNN_ECG_RESTORE_MODEL_S\results\python_rtl_equivalence\windows\case0018_test_ARR_208_w00015.mem,98,63,33,114,2687,1034,63,96,764,89,82,72,66,60,56,50,44,43,43,39,36,33,26,25,9,98,25,307,6,0,21,0,0,0,0,0,0,2994,114,982,108,0,2,0,0,0,98,0,0,98,5,9,96,33,96,764
19,test,208,29,ARR,2,2,1,-90584277,-71488811,-148502,-28613897,C:\Users\YangGeon\SNN_ECG_RESTORE_MODEL_S\results\python_rtl_equivalence\windows\case0019_test_ARR_208_w00029.mem,90,54,34,92,2508,825,54,88,750,82,79,73,63,58,51,51,45,42,39,37,34,33,32,31,10,90,21,246,10,0,12,0,0,0,0,0,0,4008,92,906,97,6,6,6,0,0,90,0,0,90,7,10,88,34,88,750
20,test,x_124,0,ARR,2,2,1,-1098278,-90872693,22181653,-126109503,C:\Users\YangGeon\SNN_ECG_RESTORE_MODEL_S\results\python_rtl_equivalence\windows\case0020_test_ARR_x_124_w00000.mem,49,47,0,97,2605,776,47,47,132,42,32,25,18,8,6,1,0,0,0,0,0,0,0,0,0,49,0,0,0,0,0,0,0,0,0,0,0,4935,97,412,49,0,49,0,0,0,49,0,0,49,0,0,47,0,47,132
21,test,x_124,2,ARR,2,2,1,-5863676,-71193161,8964555,-126997822,C:\Users\YangGeon\SNN_ECG_RESTORE_MODEL_S\results\python_rtl_equivalence\windows\case0021_test_ARR_x_124_w00002.mem,50,48,0,99,2588,803,48,48,165,40,33,32,22,13,8,7,5,3,1,1,0,0,0,0,0,50,0,0,0,0,0,0,0,0,0,0,0,3454,99,476,50,0,50,0,0,0,50,0,0,50,0,0,48,0,48,165
22,test,x_124,4,ARR,2,2,1,-11901792,-55270639,3162855,-131728538,C:\Users\YangGeon\SNN_ECG_RESTORE_MODEL_S\results\python_rtl_equivalence\windows\case0022_test_ARR_x_124_w00004.mem,55,53,0,107,2851,870,53,53,147,46,34,26,16,12,7,5,1,0,0,0,0,0,0,0,0,55,2,27,2,0,1,0,0,0,0,0,0,3212,107,546,65,1,53,1,0,0,55,0,0,55,11,0,53,0,53,147
23,test,x_124,8,ARR,2,2,1,-5052503,-77166096,8704400,-122371433,C:\Users\YangGeon\SNN_ECG_RESTORE_MODEL_S\results\python_rtl_equivalence\windows\case0023_test_ARR_x_124_w00008.mem,53,51,0,105,2859,911,51,51,189,45,39,32,22,15,14,10,6,5,1,0,0,0,0,0,0,53,0,0,0,0,0,0,0,0,0,0,0,3234,105,570,56,0,46,0,0,0,53,0,0,53,1,0,51,0,51,189
24,test,chf05,0,CHF,1,1,1,-58368040,63342021,-78357569,-122046677,C:\Users\YangGeon\SNN_ECG_RESTORE_MODEL_S\results\python_rtl_equivalence\windows\case0024_test_CHF_chf05_w00000.mem,106,104,0,50,2619,1233,104,104,137,37,28,23,17,10,8,7,2,2,1,1,1,0,0,0,0,106,5,96,2,0,4,0,0,0,0,0,0,3475,50,911,146,1,20,1,0,0,106,0,0,106,0,0,104,0,104,137
25,test,chf05,593,CHF,1,1,1,-69124914,61820194,-86355512,-104463636,C:\Users\YangGeon\SNN_ECG_RESTORE_MODEL_S\results\python_rtl_equivalence\windows\case0025_test_CHF_chf05_w00593.mem,110,103,5,8,2465,1129,103,108,234,47,43,40,21,16,15,12,6,5,5,5,5,5,5,4,1,110,3,27,2,0,1,0,0,0,0,0,0,4427,8,929,131,0,3,0,0,0,110,0,0,110,1,1,108,5,108,234
26,test,chf05,901,CHF,1,1,1,-59125610,-1331571,-40587003,-94860484,C:\Users\YangGeon\SNN_ECG_RESTORE_MODEL_S\results\python_rtl_equivalence\windows\case0026_test_CHF_chf05_w00901.mem,95,92,1,183,4685,1251,92,93,248,61,52,45,31,21,14,8,5,3,3,1,1,1,1,1,0,95,4,92,2,0,3,0,0,0,0,0,0,5688,182,1056,98,2,37,2,0,0,95,0,0,95,0,0,93,1,93,248
27,test,chf05,1185,CHF,1,1,1,-61103656,40955009,-69805065,-107492098,C:\Users\YangGeon\SNN_ECG_RESTORE_MODEL_S\results\python_rtl_equivalence\windows\case0027_test_CHF_chf05_w01185.mem,90,88,0,142,3558,1143,88,88,49,27,7,6,3,2,2,1,1,0,0,0,0,0,0,0,0,89,1,9,1,0,0,0,0,0,0,0,0,6374,140,831,90,2,83,2,0,0,89,0,0,89,0,0,88,0,88,49
28,test,chf11,0,CHF,1,1,1,-97185577,149611349,-146641940,-107154577,C:\Users\YangGeon\SNN_ECG_RESTORE_MODEL_S\results\python_rtl_equivalence\windows\case0028_test_CHF_chf11_w00000.mem,112,99,10,247,15261,3024,99,110,155,12,11,11,11,11,11,11,10,10,10,10,10,9,9,9,0,111,22,776,15,0,17,0,0,0,0,0,0,1684,223,3904,256,85,101,85,1,0,111,0,0,111,0,0,109,10,110,155
29,test,chf11,64,CHF,1,1,1,-90201667,64949329,-66018438,-110477357,C:\Users\YangGeon\SNN_ECG_RESTORE_MODEL_S\results\python_rtl_equivalence\windows\case0029_test_CHF_chf11_w00064.mem,100,92,5,193,12188,2612,92,98,173,55,32,17,9,8,7,5,5,5,5,5,5,5,5,5,2,99,22,782,14,0,20,0,0,0,0,0,0,1706,190,3846,259,30,71,30,1,0,99,0,0,99,1,2,97,5,98,173
30,test,chf11,599,CHF,1,1,1,-64843375,24480209,-38606167,-125425123,C:\Users\YangGeon\SNN_ECG_RESTORE_MODEL_S\results\python_rtl_equivalence\windows\case0030_test_CHF_chf11_w00599.mem,88,83,3,169,9769,2506,82,86,148,55,34,11,8,7,6,3,3,3,3,3,3,3,3,3,0,87,17,620,8,0,16,0,0,0,0,0,0,2708,167,3145,250,4,51,4,0,0,87,0,0,87,0,0,86,3,86,148
31,test,chf11,1198,CHF,1,1,1,-98970893,74127690,-67527671,-103759180,C:\Users\YangGeon\SNN_ECG_RESTORE_MODEL_S\results\python_rtl_equivalence\windows\case0031_test_CHF_chf11_w01198.mem,80,73,4,153,11568,1064,73,78,147,43,27,14,9,6,6,6,6,5,5,4,4,4,4,4,1,79,14,513,3,0,14,0,0,0,0,0,0,4218,151,3121,231,45,63,45,1,0,79,0,0,79,2,1,77,4,78,147
32,test,chf14,0,CHF,1,1,1,-107922326,46766105,-19881978,-112697862,C:\Users\YangGeon\SNN_ECG_RESTORE_MODEL_S\results\python_rtl_equivalence\windows\case0032_test_CHF_chf14_w00000.mem,75,73,0,4,2492,803,73,73,295,58,50,48,43,31,19,17,15,9,5,0,0,0,0,0,0,75,3,34,3,0,0,0,0,0,0,0,0,3987,4,788,104,27,31,27,1,0,75,0,0,75,0,0,73,0,73,295
33,test,chf14,26,CHF,1,1,1,-113741930,108040695,-62749560,-126779817,C:\Users\YangGeon\SNN_ECG_RESTORE_MODEL_S\results\python_rtl_equivalence\windows\case0033_test_CHF_chf14_w00026.mem,79,75,1,1,1551,636,75,77,116,35,18,18,12,8,6,6,6,5,1,1,0,0,0,0,0,78,12,124,11,0,2,0,0,0,0,0,0,5057,0,724,84,11,13,11,1,0,78,0,0,78,0,0,76,1,77,116
34,test,chf14,599,CHF,1,1,1,-124738781,110941943,-65328308,-115828696,C:\Users\YangGeon\SNN_ECG_RESTORE_MODEL_S\results\python_rtl_equivalence\windows\case0034_test_CHF_chf14_w00599.mem,85,82,1,2,795,501,82,83,117,38,18,16,9,9,6,6,4,3,3,1,1,1,1,1,0,85,12,103,11,0,1,0,0,0,0,0,0,3885,2,615,97,11,16,11,1,0,85,0,0,85,0,0,83,1,83,117
35,test,chf14,1198,CHF,1,1,1,-98169626,71954384,-50646419,-112649086,C:\Users\YangGeon\SNN_ECG_RESTORE_MODEL_S\results\python_rtl_equivalence\windows\case0035_test_CHF_chf14_w01198.mem,81,74,5,123,5543,913,74,79,245,48,37,33,27,21,17,13,12,8,6,5,5,5,4,4,0,81,18,261,6,0,13,0,0,0,0,0,0,6914,77,1141,115,38,46,38,1,0,81,0,0,81,0,0,79,5,79,245
36,test,16272,0,NSR,0,0,1,37643787,-72453304,-55862129,-104278651,C:\Users\YangGeon\SNN_ECG_RESTORE_MODEL_S\results\python_rtl_equivalence\windows\case0036_test_NSR_16272_w00000.mem,63,60,1,121,1578,707,60,61,75,34,16,8,4,2,2,2,1,1,1,1,1,1,1,0,0,63,1,0,1,0,0,0,0,0,0,0,0,3311,119,194,64,0,0,0,0,0,63,0,0,63,1,0,61,1,61,75
37,test,16272,749,NSR,0,0,1,34412001,-57099825,-73988457,-97734395,C:\Users\YangGeon\SNN_ECG_RESTORE_MODEL_S\results\python_rtl_equivalence\windows\case0037_test_NSR_16272_w00749.mem,66,62,2,129,1467,620,62,64,107,37,23,14,7,4,4,2,2,2,2,2,2,2,2,2,0,66,5,16,5,0,0,0,0,0,0,0,0,2368,129,195,70,0,0,0,0,0,66,0,0,66,0,0,64,2,64,107
38,test,16272,1169,NSR,0,0,1,54316273,-78867668,-70227725,-99824781,C:\Users\YangGeon\SNN_ECG_RESTORE_MODEL_S\results\python_rtl_equivalence\windows\case0038_test_NSR_16272_w01169.mem,56,54,0,103,1040,431,54,54,71,37,17,11,5,1,0,0,0,0,0,0,0,0,0,0,0,56,0,0,0,0,0,0,0,0,0,0,0,3092,103,168,56,0,0,0,0,0,56,0,0,56,0,0,54,0,54,71
39,test,16272,1498,NSR,0,1,1,-22740386,6730843,-26263478,-153893553,C:\Users\YangGeon\SNN_ECG_RESTORE_MODEL_S\results\python_rtl_equivalence\windows\case0039_test_NSR_16272_w01498.mem,0,0,0,0,0,0,0,0,0,0,0,0,0,0,0,0,0,0,0,0,0,0,0,0,0,0,0,0,0,0,0,0,0,0,0,0,0,0,0,0,0,0,0,0,0,0,0,0,0,0,0,0,0,0,0,0
40,test,19090,0,NSR,0,1,1,-44630085,22993760,-99902530,-73805602,C:\Users\YangGeon\SNN_ECG_RESTORE_MODEL_S\results\python_rtl_equivalence\windows\case0040_test_NSR_19090_w00000.mem,111,95,14,85,1218,701,95,109,276,34,23,21,21,20,18,17,17,17,16,15,15,14,14,14,11,111,7,26,7,0,1,0,0,0,0,0,0,4684,83,549,115,1,1,1,0,0,111,0,0,111,11,11,109,14,109,276
41,test,19090,725,NSR,0,0,1,54507463,-104398441,-58337260,-87282415,C:\Users\YangGeon\SNN_ECG_RESTORE_MODEL_S\results\python_rtl_equivalence\windows\case0041_test_NSR_19090_w00725.mem,65,62,0,128,1483,536,62,63,95,48,28,15,3,1,0,0,0,0,0,0,0,0,0,0,0,64,0,0,0,0,0,0,0,0,0,0,0,2787,127,192,64,0,0,0,0,0,64,0,0,64,0,0,62,0,63,95
42,test,19090,1295,NSR,0,1,1,-22740386,6730843,-26263478,-153893553,C:\Users\YangGeon\SNN_ECG_RESTORE_MODEL_S\results\python_rtl_equivalence\windows\case0042_test_NSR_19090_w01295.mem,0,0,0,0,0,0,0,0,0,0,0,0,0,0,0,0,0,0,0,0,0,0,0,0,0,0,0,0,0,0,0,0,0,0,0,0,0,0,0,0,0,0,0,0,0,0,0,0,0,0,0,0,0,0,0,0
43,test,19090,1449,NSR,0,1,1,-22740386,6730843,-26263478,-153893553,C:\Users\YangGeon\SNN_ECG_RESTORE_MODEL_S\results\python_rtl_equivalence\windows\case0043_test_NSR_19090_w01449.mem,0,0,0,0,0,0,0,0,0,0,0,0,0,0,0,0,0,0,0,0,0,0,0,0,0,0,0,0,0,0,0,0,0,0,0,0,0,0,0,0,0,0,0,0,0,0,0,0,0,0,0,0,0,0,0,0
44,test,19140,0,NSR,0,0,1,-1659017,-21838569,-103602697,-70272799,C:\Users\YangGeon\SNN_ECG_RESTORE_MODEL_S\results\python_rtl_equivalence\windows\case0044_test_NSR_19140_w00000.mem,105,95,7,109,1202,764,95,103,226,52,34,25,17,14,11,10,10,9,8,8,8,7,7,6,2,104,3,19,3,0,0,0,0,0,0,0,0,3273,103,535,106,0,0,0,0,0,104,0,0,104,4,2,102,7,103,226
45,test,19140,225,NSR,0,0,1,45335414,-62440343,-105380642,-72347447,C:\Users\YangGeon\SNN_ECG_RESTORE_MODEL_S\results\python_rtl_equivalence\windows\case0045_test_NSR_19140_w00225.mem,93,91,0,185,2163,976,91,91,104,48,28,17,6,2,1,1,1,0,0,0,0,0,0,0,0,93,0,0,0,0,0,0,0,0,0,0,0,3234,185,317,93,0,0,0,0,0,93,0,0,93,0,0,91,0,91,104
46,test,19140,725,NSR,0,0,1,42331402,-71815610,-88565257,-77828811,C:\Users\YangGeon\SNN_ECG_RESTORE_MODEL_S\results\python_rtl_equivalence\windows\case0046_test_NSR_19140_w00725.mem,83,81,0,125,1095,715,81,81,98,50,29,12,4,1,1,1,0,0,0,0,0,0,0,0,0,83,0,0,0,0,0,0,0,0,0,0,0,3263,125,225,86,0,0,0,0,0,83,0,0,83,0,0,81,0,81,98
47,test,19140,1449,NSR,0,1,1,-22740386,6730843,-26263478,-153893553,C:\Users\YangGeon\SNN_ECG_RESTORE_MODEL_S\results\python_rtl_equivalence\windows\case0047_test_NSR_19140_w01449.mem,0,0,0,0,0,0,0,0,0,0,0,0,0,0,0,0,0,0,0,0,0,0,0,0,0,0,0,0,0,0,0,0,0,0,0,0,0,0,0,0,0,0,0,0,0,0,0,0,0,0,0,0,0,0,0,0
48,train,04048,0,AFF,3,1,1,-57887754,49786660,-84765627,-104689793,C:\Users\YangGeon\SNN_ECG_RESTORE_MODEL_S\results\python_rtl_equivalence\windows\case0048_train_AFF_04048_w00000.mem,72,69,0,0,0,345,69,70,45,34,11,0,0,0,0,0,0,0,0,0,0,0,0,0,0,71,3,6,3,0,0,0,0,0,0,0,0,5322,0,143,71,0,0,0,0,0,71,0,0,71,0,0,69,0,70,45
49,train,04048,306,AFF,3,1,1,-57861291,19679608,-50200197,-108967636,C:\Users\YangGeon\SNN_ECG_RESTORE_MODEL_S\results\python_rtl_equivalence\windows\case0049_train_AFF_04048_w00306.mem,66,61,3,0,0,305,61,64,101,39,17,9,3,3,3,3,3,3,3,3,3,3,3,3,1,66,1,2,1,0,0,0,0,0,0,0,0,4966,0,133,66,0,0,0,0,0,66,0,0,66,1,1,64,3,64,101
50,train,04048,612,AFF,3,1,1,-22740386,6730843,-26263478,-153893553,C:\Users\YangGeon\SNN_ECG_RESTORE_MODEL_S\results\python_rtl_equivalence\windows\case0050_train_AFF_04048_w00612.mem,0,0,0,0,0,0,0,0,0,0,0,0,0,0,0,0,0,0,0,0,0,0,0,0,0,0,0,0,0,0,0,0,0,0,0,0,0,0,0,0,0,0,0,0,0,0,0,0,0,0,0,0,0,0,0,0
51,train,04746,0,AFF,3,1,1,-51567639,9210982,-58707374,-96152523,C:\Users\YangGeon\SNN_ECG_RESTORE_MODEL_S\results\python_rtl_equivalence\windows\case0051_train_AFF_04746_w00000.mem,64,62,0,0,0,124,62,62,107,44,28,15,9,6,3,2,0,0,0,0,0,0,0,0,0,64,0,0,0,0,0,0,0,0,0,0,0,3123,0,0,64,0,0,0,0,0,64,0,0,64,0,0,62,0,62,107
52,train,04746,306,AFF,3,3,1,-174643736,-68740762,-67767203,103559559,C:\Users\YangGeon\SNN_ECG_RESTORE_MODEL_S\results\python_rtl_equivalence\windows\case0052_train_AFF_04746_w00306.mem,116,49,65,0,14,191,49,114,1152,109,97,90,85,83,82,79,73,71,68,66,66,64,60,59,20,116,0,0,0,0,0,0,0,0,0,0,0,5558,0,149,119,0,0,0,0,0,116,0,0,116,22,20,114,65,114,1152
53,train,04746,612,AFF,3,1,1,-61002066,41667971,-88143801,-89754489,C:\Users\YangGeon\SNN_ECG_RESTORE_MODEL_S\results\python_rtl_equivalence\windows\case0053_train_AFF_04746_w00612.mem,78,76,0,0,0,184,76,76,89,45,23,13,6,2,0,0,0,0,0,0,0,0,0,0,0,78,0,0,0,0,0,0,0,0,0,0,0,4130,0,50,78,0,0,0,0,0,78,0,0,78,0,0,76,0,76,89
54,train,04908,0,AFF,3,1,1,-54031619,24665957,-122389105,-49880971,C:\Users\YangGeon\SNN_ECG_RESTORE_MODEL_S\results\python_rtl_equivalence\windows\case0054_train_AFF_04908_w00000.mem,98,96,0,195,6073,381,96,96,54,48,6,0,0,0,0,0,0,0,0,0,0,0,0,0,0,98,1,11,1,0,0,0,0,0,0,0,0,4423,195,1210,133,0,0,0,0,0,98,0,0,98,0,0,96,0,96,54
55,train,04908,306,AFF,3,1,1,-57218051,21768927,-126838010,-39398255,C:\Users\YangGeon\SNN_ECG_RESTORE_MODEL_S\results\python_rtl_equivalence\windows\case0055_train_AFF_04908_w00306.mem,101,99,0,201,6134,339,99,99,53,50,3,0,0,0,0,0,0,0,0,0,0,0,0,0,0,101,0,0,0,0,0,0,0,0,0,0,0,5005,201,1199,122,0,0,0,0,0,101,0,0,101,0,0,99,0,99,53
56,train,04908,424,AFF,3,1,1,-54088203,10223267,-104853967,-51837723,C:\Users\YangGeon\SNN_ECG_RESTORE_MODEL_S\results\python_rtl_equivalence\windows\case0056_train_AFF_04908_w00424.mem,96,89,5,190,6078,519,89,94,124,48,11,5,5,5,5,5,5,5,5,5,5,5,5,5,2,96,0,0,0,0,0,0,0,0,0,0,0,4182,188,1307,108,1,1,1,0,0,96,0,0,96,1,2,94,5,94,124
57,train,04908,612,AFF,3,1,1,-31033378,63661027,-174278376,-52968451,C:\Users\YangGeon\SNN_ECG_RESTORE_MODEL_S\results\python_rtl_equivalence\windows\case0057_train_AFF_04908_w00612.mem,102,100,0,199,3885,200,100,100,17,17,0,0,0,0,0,0,0,0,0,0,0,0,0,0,0,101,0,0,0,0,0,0,0,0,0,0,0,4388,197,650,102,0,0,0,0,0,101,0,0,101,0,0,100,0,100,17
58,train,04936,0,AFF,3,0,1,-1587169,-38830656,-93490601,-61275283,C:\Users\YangGeon\SNN_ECG_RESTORE_MODEL_S\results\python_rtl_equivalence\windows\case0058_train_AFF_04936_w00000.mem,69,67,0,137,1741,67,67,67,83,44,25,11,3,0,0,0,0,0,0,0,0,0,0,0,0,69,0,0,0,0,0,0,0,0,0,0,0,2682,137,267,69,0,0,0,0,0,69,0,0,69,0,0,67,0,67,83
59,train,04936,47,AFF,3,0,1,15505722,-47626920,-100318359,-63415782,C:\Users\YangGeon\SNN_ECG_RESTORE_MODEL_S\results\python_rtl_equivalence\windows\case0059_train_AFF_04936_w00047.mem,65,63,0,129,1555,63,63,63,84,44,25,9,5,1,0,0,0,0,0,0,0,0,0,0,0,65,0,0,0,0,0,0,0,0,0,0,0,3624,129,240,65,0,0,0,0,0,65,0,0,65,0,0,63,0,63,84
60,train,04936,306,AFF,3,3,1,-101870598,-84468897,-122369577,110292876,C:\Users\YangGeon\SNN_ECG_RESTORE_MODEL_S\results\python_rtl_equivalence\windows\case0060_train_AFF_04936_w00306.mem,93,46,45,153,2019,79,45,91,899,83,80,72,70,70,67,63,58,55,55,51,50,45,44,36,11,93,0,0,0,0,0,0,0,0,0,0,0,3611,153,342,101,0,0,0,0,0,93,0,0,93,17,11,91,45,91,899
61,train,04936,612,AFF,3,1,1,-29462275,-1917238,-118297462,-47977808,C:\Users\YangGeon\SNN_ECG_RESTORE_MODEL_S\results\python_rtl_equivalence\windows\case0061_train_AFF_04936_w00612.mem,87,85,0,96,1523,82,84,85,55,44,11,0,0,0,0,0,0,0,0,0,0,0,0,0,0,86,0,0,0,0,0,0,0,0,0,0,0,3387,96,307,87,0,0,0,0,0,86,0,0,86,0,0,85,0,85,55
62,train,05121,0,AFF,3,1,1,-138854617,18329509,-16813850,-60690884,C:\Users\YangGeon\SNN_ECG_RESTORE_MODEL_S\results\python_rtl_equivalence\windows\case0062_train_AFF_05121_w00000.mem,76,74,0,151,5974,70,74,74,113,57,36,12,7,1,0,0,0,0,0,0,0,0,0,0,0,76,9,186,6,0,3,0,0,0,0,0,0,4046,151,1319,151,41,72,41,1,1,76,0,0,76,0,0,74,0,74,113
63,train,05121,306,AFF,3,3,1,-129830717,-61939162,-15497776,10642854,C:\Users\YangGeon\SNN_ECG_RESTORE_MODEL_S\results\python_rtl_equivalence\windows\case0063_train_AFF_05121_w00306.mem,88,53,33,171,5114,307,52,86,744,82,78,71,61,60,58,51,48,40,39,37,33,30,28,28,5,88,20,305,20,0,0,0,0,0,0,0,0,4625,169,1357,166,33,86,33,0,0,88,0,0,88,8,5,86,33,86,744
64,train,05121,612,AFF,3,1,1,-150563264,35250909,-184113,-83926583,C:\Users\YangGeon\SNN_ECG_RESTORE_MODEL_S\results\python_rtl_equivalence\windows\case0064_train_AFF_05121_w00612.mem,81,76,3,56,2151,194,76,79,140,56,34,13,5,3,3,3,3,3,3,3,3,3,3,2,1,81,6,62,6,0,1,0,0,0,0,0,0,7059,35,1012,127,10,70,10,1,1,81,0,0,81,1,1,79,3,79,140
65,train,05261,0,AFF,3,2,1,-97878104,-109818020,34702279,-18712666,C:\Users\YangGeon\SNN_ECG_RESTORE_MODEL_S\results\python_rtl_equivalence\windows\case0065_train_AFF_05261_w00000.mem,77,34,41,139,2313,536,34,75,668,63,52,48,45,44,44,44,41,41,41,41,41,41,41,41,19,77,18,81,17,0,1,0,0,0,0,0,0,3816,133,420,259,28,43,28,0,0,77,0,0,77,16,19,75,41,75,668
66,train,05261,205,AFF,3,2,1,-46940528,-98271650,-17425875,-32880300,C:\Users\YangGeon\SNN_ECG_RESTORE_MODEL_S\results\python_rtl_equivalence\windows\case0066_train_AFF_05261_w00205.mem,86,63,21,146,2461,951,64,84,580,67,59,55,50,47,45,42,39,37,31,30,23,20,18,17,9,86,30,114,30,0,0,0,0,0,0,0,0,5896,29,243,100,1,1,1,0,0,86,0,0,86,23,9,84,21,84,580
67,train,05261,306,AFF,3,3,1,-49782423,-112457701,-28346033,-974745,C:\Users\YangGeon\SNN_ECG_RESTORE_MODEL_S\results\python_rtl_equivalence\windows\case0067_train_AFF_05261_w00306.mem,81,43,36,155,2439,642,43,79,558,49,38,37,37,37,36,36,36,36,36,36,36,36,36,36,19,81,3,17,1,0,2,0,0,0,0,0,0,2935,152,450,193,0,0,0,0,0,81,0,0,81,10,19,79,36,79,558
68,train,05261,612,AFF,3,0,1,16571559,-36899864,-71746070,-102923809,C:\Users\YangGeon\SNN_ECG_RESTORE_MODEL_S\results\python_rtl_equivalence\windows\case0068_train_AFF_05261_w00612.mem,65,60,3,129,2110,822,60,63,67,22,6,3,3,3,3,3,3,3,3,3,3,3,3,3,1,65,0,0,0,0,0,0,0,0,0,0,0,3273,129,361,65,0,0,0,0,0,65,0,0,65,1,1,63,3,63,67
69,train,06453,0,AFF,3,1,1,-139145100,90322890,-50353381,-98863990,C:\Users\YangGeon\SNN_ECG_RESTORE_MODEL_S\results\python_rtl_equivalence\windows\case0069_train_AFF_06453_w00000.mem,82,70,10,2,503,152,70,80,234,46,31,22,14,13,13,13,13,12,10,10,10,9,9,9,5,82,11,64,11,0,0,0,0,0,0,0,0,8114,2,639,97,3,4,3,0,0,82,0,0,82,13,5,80,10,80,234
70,train,06453,277,AFF,3,1,1,-83068652,60234444,-78081749,-97029461,C:\Users\YangGeon\SNN_ECG_RESTORE_MODEL_S\results\python_rtl_equivalence\windows\case0070_train_AFF_06453_w00277.mem,63,58,3,0,445,103,58,61,120,37,23,12,7,6,5,5,4,3,3,3,3,3,3,3,0,63,8,58,8,0,1,0,0,0,0,0,0,5712,0,520,63,0,0,0,0,0,63,0,0,63,2,0,61,3,61,120
71,train,06453,553,AFF,3,1,1,-37686291,12166068,-13203089,-154401189,C:\Users\YangGeon\SNN_ECG_RESTORE_MODEL_S\results\python_rtl_equivalence\windows\case0071_train_AFF_06453_w00553.mem,20,17,1,0,0,16,17,18,43,15,10,5,2,1,1,1,1,1,1,1,1,1,1,1,0,20,6,26,6,0,0,0,0,0,0,0,0,1388,0,96,20,0,0,0,0,0,20,0,0,20,1,0,18,1,18,43
72,train,06995,0,AFF,3,3,1,-40532402,-112128100,-73515546,31427570,C:\Users\YangGeon\SNN_ECG_RESTORE_MODEL_S\results\python_rtl_equivalence\windows\case0072_train_AFF_06995_w00000.mem,89,55,32,177,2195,518,56,87,749,80,74,69,67,63,57,54,50,47,40,37,35,30,24,22,12,89,0,0,0,0,0,0,0,0,0,0,0,2729,177,272,91,0,0,0,0,0,89,0,0,89,18,12,87,32,87,749
73,train,06995,306,AFF,3,0,1,1731714,-54983515,-98934573,-44843141,C:\Users\YangGeon\SNN_ECG_RESTORE_MODEL_S\results\python_rtl_equivalence\windows\case0073_train_AFF_06995_w00306.mem,99,85,11,193,2262,674,85,97,314,55,36,27,24,22,22,20,16,15,15,15,14,13,11,9,2,98,0,0,0,0,0,0,0,0,0,0,0,4314,193,351,107,0,0,0,0,0,98,0,0,98,8,2,96,11,96,314
74,train,06995,612,AFF,3,3,1,-68879788,-112118299,-37422039,21953357,C:\Users\YangGeon\SNN_ECG_RESTORE_MODEL_S\results\python_rtl_equivalence\windows\case0074_train_AFF_06995_w00612.mem,89,56,31,173,2855,638,58,87,752,83,81,73,64,62,54,50,48,46,40,38,33,30,27,23,10,88,1,12,1,0,0,0,0,0,0,0,0,4975,171,421,96,0,1,0,0,0,88,0,0,88,17,10,86,30,87,752
75,train,07879,0,AFF,3,3,1,-112661766,-52952636,-55998814,18073927,C:\Users\YangGeon\SNN_ECG_RESTORE_MODEL_S\results\python_rtl_equivalence\windows\case0075_train_AFF_07879_w00000.mem,67,16,49,0,0,43,15,65,826,62,60,59,58,58,58,58,58,58,56,54,53,49,46,39,3,67,0,0,0,0,0,0,0,0,0,0,0,2353,0,1,67,0,0,0,0,0,67,0,0,67,8,3,65,49,65,826
76,train,07879,306,AFF,3,3,1,-148472711,-92729109,-37319481,73947283,C:\Users\YangGeon\SNN_ECG_RESTORE_MODEL_S\results\python_rtl_equivalence\windows\case0076_train_AFF_07879_w00306.mem,100,37,61,0,150,184,37,98,1086,96,91,86,83,80,73,71,69,67,66,65,63,60,59,57,24,100,0,0,0,0,0,0,0,0,0,0,0,4473,0,110,100,0,0,0,0,0,100,0,0,100,21,24,98,61,98,1086
77,train,07879,612,AFF,3,1,1,-42598103,12085942,-64850839,-102210803,C:\Users\YangGeon\SNN_ECG_RESTORE_MODEL_S\results\python_rtl_equivalence\windows\case0077_train_AFF_07879_w00612.mem,66,64,0,0,98,319,64,64,53,37,14,2,0,0,0,0,0,0,0,0,0,0,0,0,0,66,0,0,0,0,0,0,0,0,0,0,0,3445,0,73,66,0,0,0,0,0,66,0,0,66,0,0,64,0,64,53
78,train,102,0,ARR,2,1,1,-66723755,-2869725,-6482716,-121561876,C:\Users\YangGeon\SNN_ECG_RESTORE_MODEL_S\results\python_rtl_equivalence\windows\case0078_train_ARR_102_w00000.mem,73,70,1,0,485,559,70,71,137,50,37,25,10,5,2,1,1,1,1,1,1,1,1,0,0,73,6,18,6,0,0,0,0,0,0,0,0,6899,0,224,73,0,9,0,0,0,73,0,0,73,0,0,71,1,71,137
79,train,102,15,ARR,2,2,1,-61164376,-4539178,-2120267,-130654712,C:\Users\YangGeon\SNN_ECG_RESTORE_MODEL_S\results\python_rtl_equivalence\windows\case0079_train_ARR_102_w00015.mem,73,71,0,0,522,568,71,71,114,42,32,22,10,5,3,0,0,0,0,0,0,0,0,0,0,73,26,87,26,0,0,0,0,0,0,0,0,4523,0,250,73,0,10,0,0,0,73,0,0,73,0,0,71,0,71,114
80,train,102,29,ARR,2,2,1,-77065177,-23312859,25064503,-124536118,C:\Users\YangGeon\SNN_ECG_RESTORE_MODEL_S\results\python_rtl_equivalence\windows\case0080_train_ARR_102_w00029.mem,73,71,0,0,526,581,71,71,119,54,32,18,10,4,1,0,0,0,0,0,0,0,0,0,0,73,19,63,19,0,0,0,0,0,0,0,0,4269,0,251,73,0,18,0,0,0,73,0,0,73,0,0,71,0,71,119
81,train,104,0,ARR,2,2,1,-67881148,-28850982,8991731,-111352818,C:\Users\YangGeon\SNN_ECG_RESTORE_MODEL_S\results\python_rtl_equivalence\windows\case0081_train_ARR_104_w00000.mem,78,72,3,30,759,922,72,76,225,57,43,26,18,14,14,11,8,7,6,5,4,4,4,4,2,77,11,33,11,0,0,0,0,0,0,0,0,7061,30,220,81,1,39,1,0,0,77,0,0,77,6,2,75,3,76,225
82,train,104,15,ARR,2,2,1,-37998387,-55109205,12013902,-115498001,C:\Users\YangGeon\SNN_ECG_RESTORE_MODEL_S\results\python_rtl_equivalence\windows\case0082_train_ARR_104_w00015.mem,74,72,0,40,823,807,72,72,162,55,36,30,21,10,5,3,1,1,0,0,0,0,0,0,0,74,1,12,0,0,1,0,0,0,0,0,0,6221,40,235,74,0,28,0,0,0,74,0,0,74,0,0,72,0,72,162
83,train,104,29,ARR,2,2,1,-40061727,-60951785,25463365,-122140798,C:\Users\YangGeon\SNN_ECG_RESTORE_MODEL_S\results\python_rtl_equivalence\windows\case0083_train_ARR_104_w00029.mem,73,71,0,32,752,917,71,71,193,63,49,35,20,9,6,4,3,2,2,0,0,0,0,0,0,73,1,1,1,0,0,0,0,0,0,0,0,6165,32,208,74,1,21,1,0,0,73,0,0,73,0,0,71,0,71,193
84,train,106,0,ARR,2,0,1,33493910,-103317433,-29457758,-95819251,C:\Users\YangGeon\SNN_ECG_RESTORE_MODEL_S\results\python_rtl_equivalence\windows\case0084_train_ARR_106_w00000.mem,70,61,7,127,2033,1074,61,68,312,57,46,35,32,26,23,20,16,14,10,7,7,7,6,6,4,70,4,30,4,0,0,0,0,0,0,0,0,3921,124,429,86,0,0,0,0,0,70,1,1,70,10,4,68,7,68,312
85,train,106,13,ARR,2,2,1,-152288584,-97696363,46896116,817877,C:\Users\YangGeon\SNN_ECG_RESTORE_MODEL_S\results\python_rtl_equivalence\windows\case0085_train_ARR_106_w00013.mem,83,0,81,145,3208,0,0,81,1215,81,81,81,81,81,81,81,81,81,81,81,81,81,81,81,62,83,8,61,6,0,2,0,0,0,0,0,0,4615,144,724,125,1,10,1,0,0,83,0,0,83,33,62,81,81,81,1215
86,train,106,15,ARR,2,2,1,-66748847,-94718554,40044144,-72779381,C:\Users\YangGeon\SNN_ECG_RESTORE_MODEL_S\results\python_rtl_equivalence\windows\case0086_train_ARR_106_w00015.mem,73,49,21,124,2631,839,49,71,449,62,53,43,37,32,28,27,23,21,21,21,21,20,20,20,9,72,7,58,6,0,1,0,0,0,0,0,0,3615,119,562,93,1,3,1,0,0,72,0,0,72,6,9,70,21,71,449
87,train,106,29,ARR,2,2,1,-87066246,-128867331,76998310,-56533321,C:\Users\YangGeon\SNN_ECG_RESTORE_MODEL_S\results\python_rtl_equivalence\windows\case0087_train_ARR_106_w00029.mem,74,14,58,107,2615,189,14,72,946,72,70,68,67,65,65,64,62,61,61,59,58,58,58,58,51,74,4,53,2,0,2,0,0,0,0,0,0,2932,106,690,138,0,5,0,0,0,74,0,0,74,34,51,72,58,72,946
88,train,107,0,ARR,2,2,1,-62839761,-44376190,17008642,-109060105,C:\Users\YangGeon\SNN_ECG_RESTORE_MODEL_S\results\python_rtl_equivalence\windows\case0088_train_ARR_107_w00000.mem,71,67,2,140,5274,1333,67,69,128,49,29,16,8,5,3,2,2,2,2,2,2,2,2,2,0,71,13,172,13,0,0,0,0,0,0,0,0,3986,94,1001,200,46,65,46,1,1,71,0,0,71,2,0,69,2,69,128
89,train,107,15,ARR,2,2,1,-74347513,-40628759,41328491,-126269621,C:\Users\YangGeon\SNN_ECG_RESTORE_MODEL_S\results\python_rtl_equivalence\windows\case0089_train_ARR_107_w00015.mem,72,65,5,135,5651,1682,65,70,196,53,34,25,15,12,9,8,7,7,5,5,5,4,4,3,1,72,15,227,15,0,0,0,0,0,0,0,0,3745,130,1144,198,62,64,62,1,1,72,0,0,72,1,1,70,5,70,196
90,train,107,29,ARR,2,2,1,-96011608,-63032643,56568823,-99604064,C:\Users\YangGeon\SNN_ECG_RESTORE_MODEL_S\results\python_rtl_equivalence\windows\case0090_train_ARR_107_w00029.mem,71,59,10,138,7431,1373,59,69,250,55,40,25,17,12,11,10,10,10,10,10,10,10,10,10,2,71,1,26,0,0,1,0,0,0,0,0,0,5619,85,1330,199,67,67,67,1,1,71,0,0,71,4,2,69,10,69,250
91,train,114,0,ARR,2,1,1,-57595643,8838239,-52390480,-95307613,C:\Users\YangGeon\SNN_ECG_RESTORE_MODEL_S\results\python_rtl_equivalence\windows\case0091_train_ARR_114_w00000.mem,55,52,1,0,0,52,52,53,179,43,38,26,19,15,12,8,7,6,4,1,0,0,0,0,0,55,0,0,0,0,0,0,0,0,0,0,0,3623,0,54,55,0,0,0,0,0,55,0,0,55,0,0,53,1,53,179
92,train,114,15,ARR,2,2,1,-37465216,-27845457,-22408779,-108623039,C:\Users\YangGeon\SNN_ECG_RESTORE_MODEL_S\results\python_rtl_equivalence\windows\case0092_train_ARR_114_w00015.mem,62,57,3,0,415,395,57,60,273,52,46,40,30,23,20,13,11,10,9,8,5,3,2,1,0,62,0,0,0,0,0,0,0,0,0,0,0,3567,0,113,62,0,0,0,0,0,62,0,0,62,0,0,60,3,60,273
93,train,114,29,ARR,2,2,1,-87052953,-56757844,-204205,-55604787,C:\Users\YangGeon\SNN_ECG_RESTORE_MODEL_S\results\python_rtl_equivalence\windows\case0093_train_ARR_114_w00029.mem,81,61,17,0,398,488,61,79,505,73,63,53,45,43,37,32,30,26,23,18,17,16,15,14,5,80,9,7,9,0,0,0,0,0,0,0,0,5042,0,207,86,0,0,0,0,0,80,0,0,80,13,5,78,17,79,505
94,train,118,0,ARR,2,1,1,-23786047,-11096101,-62470870,-98049058,C:\Users\YangGeon\SNN_ECG_RESTORE_MODEL_S\results\python_rtl_equivalence\windows\case0094_train_ARR_118_w00000.mem,74,68,4,103,2857,759,68,72,151,47,28,15,8,6,6,5,5,5,5,5,4,4,4,4,0,74,11,106,4,0,7,0,0,0,0,0,0,5938,64,750,133,1,1,1,0,0,74,0,0,74,0,0,72,4,72,151
95,train,118,7,ARR,2,1,1,-39506583,-25774901,-42972645,-88275968,C:\Users\YangGeon\SNN_ECG_RESTORE_MODEL_S\results\python_rtl_equivalence\windows\case0095_train_ARR_118_w00007.mem,86,75,9,169,3562,815,75,84,224,53,29,22,18,12,12,11,9,9,9,9,8,8,8,7,4,86,12,121,10,0,4,0,0,0,0,0,0,3308,166,761,186,0,4,0,0,0,86,1,1,86,3,4,84,9,84,224
96,train,118,15,ARR,2,2,1,-44837775,-69072904,1138274,-84537475,C:\Users\YangGeon\SNN_ECG_RESTORE_MODEL_S\results\python_rtl_equivalence\windows\case0096_train_ARR_118_w00015.mem,75,62,11,129,2873,620,62,73,283,53,39,29,20,16,15,15,13,13,13,12,12,11,11,11,5,75,1,11,1,0,0,0,0,0,0,0,0,5456,72,811,186,1,2,1,0,0,75,0,0,75,5,5,73,11,73,283
97,train,118,29,ARR,2,2,1,-73939514,-74136011,28543562,-80320698,C:\Users\YangGeon\SNN_ECG_RESTORE_MODEL_S\results\python_rtl_equivalence\windows\case0097_train_ARR_118_w00029.mem,87,72,13,170,4367,1054,72,85,335,65,45,38,25,20,19,18,14,14,13,13,13,13,13,12,3,87,15,168,11,0,6,0,0,0,0,0,0,4709,161,992,239,8,8,8,1,1,87,0,0,87,4,3,85,13,85,335
98,train,124,0,ARR,2,2,1,-1098278,-90872693,22181653,-126109503,C:\Users\YangGeon\SNN_ECG_RESTORE_MODEL_S\results\python_rtl_equivalence\windows\case0098_train_ARR_124_w00000.mem,49,47,0,97,2605,776,47,47,132,42,32,25,18,8,6,1,0,0,0,0,0,0,0,0,0,49,0,0,0,0,0,0,0,0,0,0,0,4935,97,412,49,0,49,0,0,0,49,0,0,49,0,0,47,0,47,132
99,train,124,15,ARR,2,2,1,-28327354,-50454688,12896239,-129562461,C:\Users\YangGeon\SNN_ECG_RESTORE_MODEL_S\results\python_rtl_equivalence\windows\case0099_train_ARR_124_w00015.mem,52,48,2,103,2895,864,48,50,152,43,29,23,20,11,7,4,4,2,2,2,2,1,1,1,1,52,0,0,0,0,0,0,0,0,0,0,0,3216,103,564,52,3,52,3,0,0,52,0,0,52,1,1,50,2,50,152
100,train,124,29,ARR,2,2,1,-24810420,-38754587,-8260009,-123721553,C:\Users\YangGeon\SNN_ECG_RESTORE_MODEL_S\results\python_rtl_equivalence\windows\case0100_train_ARR_124_w00029.mem,57,54,1,111,2884,810,54,55,215,47,40,34,27,18,18,11,6,3,3,2,2,2,2,0,0,57,8,69,8,0,0,0,0,0,0,0,0,5386,111,484,61,1,39,1,0,0,57,0,0,57,0,0,55,1,55,215
101,train,201,0,ARR,2,3,1,-97510140,-100918690,-25060135,25241869,C:\Users\YangGeon\SNN_ECG_RESTORE_MODEL_S\results\python_rtl_equivalence\windows\case0101_train_ARR_201_w00000.mem,89,44,43,4,255,377,44,87,866,83,78,74,71,67,62,58,58,55,51,45,44,41,41,38,17,88,0,0,0,0,0,0,0,0,0,0,0,3574,4,266,90,0,0,0,0,0,88,0,0,88,21,17,87,43,87,866
102,train,201,15,ARR,2,2,1,-41604545,-109015227,30315432,-72385236,C:\Users\YangGeon\SNN_ECG_RESTORE_MODEL_S\results\python_rtl_equivalence\windows\case0102_train_ARR_201_w00015.mem,53,14,37,4,100,104,14,51,613,48,46,45,43,43,43,42,40,40,40,40,39,36,35,33,24,53,4,11,4,0,0,0,0,0,0,0,0,3298,4,147,54,0,0,0,0,0,53,0,0,53,13,24,51,37,51,613
103,train,201,29,ARR,2,3,1,-89852717,-97735474,-24673077,15306930,C:\Users\YangGeon\SNN_ECG_RESTORE_MODEL_S\results\python_rtl_equivalence\windows\case0103_train_ARR_201_w00029.mem,76,32,42,6,268,246,31,74,814,71,69,67,65,61,59,59,56,53,48,48,44,41,37,36,15,76,0,0,0,0,0,0,0,0,0,0,0,3191,6,234,78,0,0,0,0,0,76,0,0,76,20,15,74,42,74,814
104,train,205,0,ARR,2,0,1,37270036,-72723291,-96310849,-65227041,C:\Users\YangGeon\SNN_ECG_RESTORE_MODEL_S\results\python_rtl_equivalence\windows\case0104_train_ARR_205_w00000.mem,89,87,0,168,1577,782,87,87,75,52,18,4,1,0,0,0,0,0,0,0,0,0,0,0,0,89,0,0,0,0,0,0,0,0,0,0,0,3281,168,180,89,0,0,0,0,0,89,0,0,89,0,0,87,0,87,75
105,train,205,15,ARR,2,0,1,17536875,-81987638,-58830141,-74666475,C:\Users\YangGeon\SNN_ECG_RESTORE_MODEL_S\results\python_rtl_equivalence\windows\case0105_train_ARR_205_w00015.mem,91,83,6,152,1688,827,83,89,191,60,36,21,8,6,6,6,6,6,6,6,6,6,6,6,2,91,1,12,1,0,1,0,0,0,0,0,0,3172,152,232,93,0,0,0,0,0,91,0,0,91,4,2,89,6,89,191
106,train,205,29,ARR,2,0,1,36740155,-43033660,-111200274,-77624164,C:\Users\YangGeon\SNN_ECG_RESTORE_MODEL_S\results\python_rtl_equivalence\windows\case0106_train_ARR_205_w00029.mem,81,79,0,161,1608,662,79,79,51,36,12,3,0,0,0,0,0,0,0,0,0,0,0,0,0,81,0,0,0,0,0,0,0,0,0,0,0,4152,161,162,81,0,0,0,0,0,81,0,0,81,0,0,79,0,79,51
107,train,chf03,0,CHF,1,1,1,-97625741,2670882,-35161478,-66371743,C:\Users\YangGeon\SNN_ECG_RESTORE_MODEL_S\results\python_rtl_equivalence\windows\case0107_train_CHF_chf03_w00000.mem,65,55,8,0,0,107,55,63,384,62,54,48,40,34,29,26,21,16,12,10,8,8,8,8,3,65,8,46,8,0,0,0,0,0,0,0,0,5269,0,361,67,0,0,0,0,0,65,0,0,65,4,3,63,8,63,384
108,train,chf03,599,CHF,1,1,1,-97353297,87158099,-76752288,-109480731,C:\Users\YangGeon\SNN_ECG_RESTORE_MODEL_S\results\python_rtl_equivalence\windows\case0108_train_CHF_chf03_w00599.mem,67,65,0,0,0,70,65,65,79,25,10,9,9,8,5,4,2,2,2,2,1,0,0,0,0,67,1,9,1,0,0,0,0,0,0,0,0,6724,0,543,72,0,4,0,0,0,67,0,0,67,0,0,65,0,65,79
109,train,chf03,1198,CHF,1,1,1,-127657005,33694577,-4870880,-99419859,C:\Users\YangGeon\SNN_ECG_RESTORE_MODEL_S\results\python_rtl_equivalence\windows\case0109_train_CHF_chf03_w01198.mem,67,57,8,0,0,75,56,65,210,46,29,20,17,13,11,11,9,8,8,8,8,8,7,7,2,66,3,1,3,0,2,0,0,0,0,0,0,6273,0,400,73,0,8,0,0,0,66,0,0,66,4,2,65,8,65,210
110,train,chf04,0,CHF,1,3,1,-123780045,-30848651,-26307456,-16398691,C:\Users\YangGeon\SNN_ECG_RESTORE_MODEL_S\results\python_rtl_equivalence\windows\case0110_train_CHF_chf04_w00000.mem,75,44,29,0,20,74,44,73,509,52,45,41,37,35,32,30,30,30,30,30,30,30,29,28,18,75,9,4,9,0,0,0,0,0,0,0,0,1640,0,20,94,0,0,0,0,0,75,0,0,75,36,18,73,29,73,509
111,train,chf04,599,CHF,1,3,1,-66389559,-64403147,-31938789,-27423555,C:\Users\YangGeon\SNN_ECG_RESTORE_MODEL_S\results\python_rtl_equivalence\windows\case0111_train_CHF_chf04_w00599.mem,40,18,20,0,0,44,18,38,350,34,33,31,28,26,23,22,22,20,19,19,19,18,18,18,9,40,23,10,23,0,0,0,0,0,0,0,0,2125,0,21,53,0,0,0,0,0,40,0,0,40,29,9,38,20,38,350
112,train,chf04,1198,CHF,1,3,1,-105948680,-59266871,-34004569,3091296,C:\Users\YangGeon\SNN_ECG_RESTORE_MODEL_S\results\python_rtl_equivalence\windows\case0112_train_CHF_chf04_w01198.mem,49,15,32,0,0,15,15,47,515,44,41,38,36,35,34,32,32,32,32,32,32,32,32,31,10,49,5,2,5,0,0,0,0,0,0,0,0,1002,0,30,68,0,0,0,0,0,49,0,0,49,37,10,47,32,47,515
113,train,chf06,0,CHF,1,3,1,-123672085,-60985841,-46939835,29507623,C:\Users\YangGeon\SNN_ECG_RESTORE_MODEL_S\results\python_rtl_equivalence\windows\case0113_train_CHF_chf06_w00000.mem,105,61,42,0,0,373,61,103,890,94,88,82,77,73,69,64,59,52,49,45,42,35,31,30,6,104,3,8,3,0,0,0,0,0,0,0,0,4253,0,177,107,0,0,0,0,0,104,0,0,104,24,6,103,42,103,890
114,train,chf06,592,CHF,1,2,1,-103554976,-45219382,2422850,-54777848,C:\Users\YangGeon\SNN_ECG_RESTORE_MODEL_S\results\python_rtl_equivalence\windows\case0114_train_CHF_chf06_w00592.mem,95,72,21,0,6,442,72,93,515,73,56,47,42,38,34,31,31,28,26,25,23,21,21,19,10,95,1,5,1,0,0,0,0,0,0,0,0,3024,0,210,96,0,0,0,0,0,95,0,0,95,8,10,93,21,93,515
115,train,chf06,1184,CHF,1,1,1,-127147913,40540771,-83814273,-30656146,C:\Users\YangGeon\SNN_ECG_RESTORE_MODEL_S\results\python_rtl_equivalence\windows\case0115_train_CHF_chf06_w01184.mem,108,86,20,0,0,397,86,106,446,63,41,34,34,34,33,32,28,25,25,25,23,20,15,14,8,108,12,20,12,0,0,0,0,0,0,0,0,6444,0,154,126,0,0,0,0,0,108,0,0,108,11,8,106,20,106,446
116,train,chf07,0,CHF,1,1,1,-139214906,32563797,-13077691,-80601828,C:\Users\YangGeon\SNN_ECG_RESTORE_MODEL_S\results\python_rtl_equivalence\windows\case0116_train_CHF_chf07_w00000.mem,85,71,12,0,19,142,71,83,297,63,40,31,23,18,16,15,13,13,12,11,11,11,10,10,5,85,6,10,6,0,0,0,0,0,0,0,0,7084,0,261,93,0,21,0,0,0,85,1,1,85,8,5,83,12,83,297
117,train,chf07,599,CHF,1,1,1,-81931903,71769481,-89545437,-96515765,C:\Users\YangGeon\SNN_ECG_RESTORE_MODEL_S\results\python_rtl_equivalence\windows\case0117_train_CHF_chf07_w00599.mem,76,71,3,0,195,142,71,74,177,40,25,24,19,14,11,11,8,6,4,3,3,3,3,3,1,76,1,3,1,0,0,0,0,0,0,0,0,5648,0,198,83,0,0,0,0,0,76,0,0,76,1,1,74,3,74,177
118,train,chf07,1145,CHF,1,1,1,-63901025,-18286223,-25941134,-87009634,C:\Users\YangGeon\SNN_ECG_RESTORE_MODEL_S\results\python_rtl_equivalence\windows\case0118_train_CHF_chf07_w01145.mem,75,64,9,5,65,208,64,73,364,63,55,51,36,31,27,19,15,12,10,9,9,9,9,9,5,75,6,22,6,0,0,0,0,0,0,0,0,5034,5,297,135,1,5,1,0,0,75,0,0,75,3,5,73,9,73,364
119,train,chf07,1198,CHF,1,1,1,-111534651,-25571042,-31410963,-27031715,C:\Users\YangGeon\SNN_ECG_RESTORE_MODEL_S\results\python_rtl_equivalence\windows\case0119_train_CHF_chf07_w01198.mem,76,55,19,0,488,110,55,74,540,66,62,56,51,47,40,36,31,28,25,22,21,19,19,17,13,76,9,25,9,0,0,0,0,0,0,0,0,5538,0,243,108,0,1,0,0,0,76,0,0,76,7,13,74,19,74,540
120,train,chf08,0,CHF,1,1,1,-84068134,41679023,-56823248,-98775798,C:\Users\YangGeon\SNN_ECG_RESTORE_MODEL_S\results\python_rtl_equivalence\windows\case0120_train_CHF_chf08_w00000.mem,70,60,8,0,0,167,60,68,186,42,24,12,11,9,9,9,9,9,9,9,9,9,8,8,3,70,3,14,3,0,0,0,0,0,0,0,0,3913,0,215,70,0,0,0,0,0,70,1,1,70,3,3,68,8,68,186
121,train,chf08,599,CHF,1,1,1,-86610403,89108978,-120300328,-80381501,C:\Users\YangGeon\SNN_ECG_RESTORE_MODEL_S\results\python_rtl_equivalence\windows\case0121_train_CHF_chf08_w00599.mem,84,80,2,0,289,80,80,82,57,25,5,3,2,2,2,2,2,2,2,2,2,2,2,2,0,84,0,0,0,0,0,0,0,0,0,0,0,4143,0,244,85,0,0,0,0,0,84,0,0,84,0,0,82,2,82,57
122,train,chf08,1198,CHF,1,1,1,-67281592,41237221,-80993793,-91810786,C:\Users\YangGeon\SNN_ECG_RESTORE_MODEL_S\results\python_rtl_equivalence\windows\case0122_train_CHF_chf08_w01198.mem,59,57,0,0,1108,0,57,57,44,32,10,2,0,0,0,0,0,0,0,0,0,0,0,0,0,59,0,0,0,0,0,0,0,0,0,0,0,3399,0,302,59,0,0,0,0,0,59,0,0,59,0,0,57,0,57,44
123,train,chf09,0,CHF,1,0,1,-38184453,-39193850,-43595851,-78831701,C:\Users\YangGeon\SNN_ECG_RESTORE_MODEL_S\results\python_rtl_equivalence\windows\case0123_train_CHF_chf09_w00000.mem,106,96,8,203,5574,1908,95,104,356,85,66,46,33,24,17,15,11,10,9,8,8,8,8,8,2,105,16,242,7,0,12,0,0,0,0,0,0,5316,195,1487,228,3,13,3,0,0,105,0,0,105,1,2,104,8,104,356
124,train,chf09,593,CHF,1,1,1,-24301358,76631543,-114584631,-134433907,C:\Users\YangGeon\SNN_ECG_RESTORE_MODEL_S\results\python_rtl_equivalence\windows\case0124_train_CHF_chf09_w00593.mem,95,91,2,189,5811,2493,91,93,76,22,9,6,5,5,4,4,3,3,3,3,3,2,2,2,0,95,9,174,3,0,6,0,0,0,0,0,0,1602,178,1794,260,11,14,11,1,0,95,0,0,95,0,0,93,2,93,76
125,train,chf09,997,CHF,1,1,1,-33050253,43009591,-132943311,-70838852,C:\Users\YangGeon\SNN_ECG_RESTORE_MODEL_S\results\python_rtl_equivalence\windows\case0125_train_CHF_chf09_w00997.mem,99,92,5,155,3085,427,92,97,113,33,12,7,6,5,5,5,5,5,5,5,5,5,5,5,2,99,5,75,0,0,5,0,0,0,0,0,0,3095,150,782,180,1,1,1,0,0,99,0,0,99,1,2,97,5,97,113
126,train,chf09,1185,CHF,1,1,1,-63141136,79573733,-150437742,-61758385,C:\Users\YangGeon\SNN_ECG_RESTORE_MODEL_S\results\python_rtl_equivalence\windows\case0126_train_CHF_chf09_w01185.mem,97,91,4,192,4323,273,91,95,98,25,7,6,6,6,6,6,5,5,5,5,4,4,4,4,0,97,1,10,0,0,1,0,0,0,0,0,0,3688,186,769,125,0,0,0,0,0,97,0,0,97,0,0,95,4,95,98
127,train,chf10,0,CHF,1,1,1,7492675,36203271,-160388947,-80046808,C:\Users\YangGeon\SNN_ECG_RESTORE_MODEL_S\results\python_rtl_equivalence\windows\case0127_train_CHF_chf10_w00000.mem,121,117,2,11,137,1209,117,119,73,29,11,6,4,3,2,2,2,2,2,2,2,2,2,2,0,121,0,0,0,0,0,0,0,0,0,0,0,4223,11,298,126,0,0,0,0,0,121,0,0,121,0,0,119,2,119,73
128,train,chf10,599,CHF,1,3,1,-137525783,-53189632,-7906781,494490,C:\Users\YangGeon\SNN_ECG_RESTORE_MODEL_S\results\python_rtl_equivalence\windows\case0128_train_CHF_chf10_w00599.mem,97,57,38,0,10,57,57,95,674,73,71,57,45,44,42,38,38,38,38,38,38,38,38,38,27,97,1,2,1,0,0,0,0,0,0,0,0,2581,0,176,126,0,0,0,0,0,97,0,0,97,34,27,95,38,95,674
129,train,chf10,1198,CHF,1,1,1,-107870696,122553672,-149669812,-62962498,C:\Users\YangGeon\SNN_ECG_RESTORE_MODEL_S\results\python_rtl_equivalence\windows\case0129_train_CHF_chf10_w01198.mem,109,105,2,0,0,0,105,107,54,26,2,2,2,2,2,2,2,2,2,2,2,2,2,2,0,108,0,0,0,0,0,0,0,0,0,0,0,4553,0,108,110,0,0,0,0,0,108,0,0,108,0,0,107,2,107,54
130,train,chf13,0,CHF,1,1,1,-45427902,46603208,-90458660,-109288637,C:\Users\YangGeon\SNN_ECG_RESTORE_MODEL_S\results\python_rtl_equivalence\windows\case0130_train_CHF_chf13_w00000.mem,99,97,0,0,0,1241,97,97,64,39,15,7,2,1,0,0,0,0,0,0,0,0,0,0,0,99,1,34,0,0,1,0,0,0,0,0,0,4239,0,227,101,0,0,0,0,0,99,0,0,99,0,0,97,0,97,64
131,train,chf13,76,CHF,1,1,1,-69856816,94196652,-106217363,-113327406,C:\Users\YangGeon\SNN_ECG_RESTORE_MODEL_S\results\python_rtl_equivalence\windows\case0131_train_CHF_chf13_w00076.mem,94,89,3,0,0,702,88,92,80,24,12,7,5,3,3,3,3,3,3,3,3,3,3,2,1,93,3,22,2,0,1,0,0,0,0,0,0,3954,0,269,95,0,0,0,0,0,93,0,0,93,1,1,92,3,92,80
132,train,chf13,599,CHF,1,1,1,-68437183,125755963,-145879014,-106059982,C:\Users\YangGeon\SNN_ECG_RESTORE_MODEL_S\results\python_rtl_equivalence\windows\case0132_train_CHF_chf13_w00599.mem,99,97,0,0,298,460,97,97,12,9,3,0,0,0,0,0,0,0,0,0,0,0,0,0,0,99,1,2,1,0,0,0,0,0,0,0,0,3441,0,260,99,0,0,0,0,0,99,0,0,99,0,0,97,0,97,12
133,train,chf13,1198,CHF,1,1,1,-84212815,128618425,-145975744,-93289039,C:\Users\YangGeon\SNN_ECG_RESTORE_MODEL_S\results\python_rtl_equivalence\windows\case0133_train_CHF_chf13_w01198.mem,89,87,0,0,0,89,87,87,6,6,0,0,0,0,0,0,0,0,0,0,0,0,0,0,0,89,0,0,0,0,0,0,0,0,0,0,0,3655,0,172,89,0,0,0,0,0,89,0,0,89,0,0,87,0,87,6
134,train,16265,0,NSR,0,0,1,22706445,-34013850,-99995873,-90664939,C:\Users\YangGeon\SNN_ECG_RESTORE_MODEL_S\results\python_rtl_equivalence\windows\case0134_train_NSR_16265_w00000.mem,94,90,2,189,5159,2044,90,92,77,40,10,3,2,2,2,2,2,2,2,2,2,2,2,2,0,94,0,0,0,0,0,0,0,0,0,0,0,4127,187,1058,96,0,0,0,0,0,94,0,0,94,0,0,92,2,92,77
135,train,16265,763,NSR,0,0,1,47533286,-89850814,-45467889,-110909708,C:\Users\YangGeon\SNN_ECG_RESTORE_MODEL_S\results\python_rtl_equivalence\windows\case0135_train_NSR_16265_w00763.mem,70,66,2,140,4236,1647,66,68,224,56,41,32,28,16,13,12,8,6,4,4,2,2,0,0,1,70,0,0,0,0,0,0,0,0,0,0,0,3780,140,908,72,0,0,0,0,0,70,1,1,70,15,1,68,2,68,224
136,train,16265,1526,NSR,0,1,1,-22740386,6730843,-26263478,-153893553,C:\Users\YangGeon\SNN_ECG_RESTORE_MODEL_S\results\python_rtl_equivalence\windows\case0136_train_NSR_16265_w01526.mem,0,0,0,0,0,0,0,0,0,0,0,0,0,0,0,0,0,0,0,0,0,0,0,0,0,0,0,0,0,0,0,0,0,0,0,0,0,0,0,0,0,0,0,0,0,0,0,0,0,0,0,0,0,0,0,0
137,train,16420,0,NSR,0,0,1,39586304,-49225831,-107930530,-79082158,C:\Users\YangGeon\SNN_ECG_RESTORE_MODEL_S\results\python_rtl_equivalence\windows\case0137_train_NSR_16420_w00000.mem,95,93,0,189,2903,1389,93,93,62,40,17,5,0,0,0,0,0,0,0,0,0,0,0,0,0,95,0,0,0,0,0,0,0,0,0,0,0,3234,189,402,96,0,0,0,0,0,95,0,0,95,0,0,93,0,93,62
138,train,16420,719,NSR,0,0,1,40187380,-105192162,-39599481,-90667942,C:\Users\YangGeon\SNN_ECG_RESTORE_MODEL_S\results\python_rtl_equivalence\windows\case0138_train_NSR_16420_w00719.mem,68,65,1,135,2002,845,65,66,204,54,47,33,24,15,11,6,5,4,1,1,1,1,1,0,0,68,0,0,0,0,0,0,0,0,0,0,0,3537,135,276,68,0,0,0,0,0,68,0,0,68,1,0,66,1,66,204
139,train,16420,1437,NSR,0,1,1,-22740386,6730843,-26263478,-153893553,C:\Users\YangGeon\SNN_ECG_RESTORE_MODEL_S\results\python_rtl_equivalence\windows\case0139_train_NSR_16420_w01437.mem,0,0,0,0,0,0,0,0,0,0,0,0,0,0,0,0,0,0,0,0,0,0,0,0,0,0,0,0,0,0,0,0,0,0,0,0,0,0,0,0,0,0,0,0,0,0,0,0,0,0,0,0,0,0,0,0
140,train,16483,0,NSR,0,1,1,-36365682,62038063,-121918118,-96635951,C:\Users\YangGeon\SNN_ECG_RESTORE_MODEL_S\results\python_rtl_equivalence\windows\case0140_train_NSR_16483_w00000.mem,98,94,2,190,2877,1173,94,96,71,22,10,5,5,4,3,3,3,3,3,2,2,2,2,2,1,98,4,17,4,0,0,0,0,0,0,0,0,3649,186,458,166,5,7,5,1,0,98,0,0,98,3,1,96,2,96,71
141,train,16483,778,NSR,0,0,1,17197513,-117467099,-17631604,-81423021,C:\Users\YangGeon\SNN_ECG_RESTORE_MODEL_S\results\python_rtl_equivalence\windows\case0141_train_NSR_16483_w00778.mem,80,71,7,153,2990,1181,71,78,206,57,36,17,13,10,9,8,7,7,7,7,7,7,7,7,1,80,2,10,2,0,0,0,0,0,0,0,0,3064,153,539,162,0,0,0,0,0,80,0,0,80,2,1,78,7,78,206
142,train,16483,1556,NSR,0,1,1,-22740386,6730843,-26263478,-153893553,C:\Users\YangGeon\SNN_ECG_RESTORE_MODEL_S\results\python_rtl_equivalence\windows\case0142_train_NSR_16483_w01556.mem,0,0,0,0,0,0,0,0,0,0,0,0,0,0,0,0,0,0,0,0,0,0,0,0,0,0,0,0,0,0,0,0,0,0,0,0,0,0,0,0,0,0,0,0,0,0,0,0,0,0,0,0,0,0,0,0
143,train,16795,0,NSR,0,0,1,-18514223,-57506514,-20740927,-99050954,C:\Users\YangGeon\SNN_ECG_RESTORE_MODEL_S\results\python_rtl_equivalence\windows\case0143_train_NSR_16795_w00000.mem,65,58,5,40,1169,471,58,63,266,49,43,34,29,20,17,15,15,12,9,7,4,4,4,4,2,65,0,0,0,0,0,0,0,0,0,0,0,3991,39,268,100,0,0,0,0,0,65,0,0,65,6,2,63,5,63,266
144,train,16795,707,NSR,0,0,1,6365675,-70372626,-42726904,-85629850,C:\Users\YangGeon\SNN_ECG_RESTORE_MODEL_S\results\python_rtl_equivalence\windows\case0144_train_NSR_16795_w00707.mem,61,57,2,121,1975,625,57,59,322,54,49,45,37,33,31,28,20,12,6,3,2,1,1,0,0,61,1,1,1,0,0,0,0,0,0,0,0,3397,119,304,71,0,1,0,0,0,61,0,0,61,5,0,59,2,59,322
145,train,16795,1139,NSR,0,0,1,28904236,-87089341,-37988742,-96547275,C:\Users\YangGeon\SNN_ECG_RESTORE_MODEL_S\results\python_rtl_equivalence\windows\case0145_train_NSR_16795_w01139.mem,52,48,2,103,1538,464,48,50,225,43,38,34,27,21,18,15,12,7,3,3,2,1,1,0,0,52,0,0,0,0,0,0,0,0,0,0,0,2779,103,249,52,0,0,0,0,0,52,0,0,52,0,0,50,2,50,225
146,train,16795,1413,NSR,0,1,1,-22740386,6730843,-26263478,-153893553,C:\Users\YangGeon\SNN_ECG_RESTORE_MODEL_S\results\python_rtl_equivalence\windows\case0146_train_NSR_16795_w01413.mem,0,0,0,0,0,0,0,0,0,0,0,0,0,0,0,0,0,0,0,0,0,0,0,0,0,0,0,0,0,0,0,0,0,0,0,0,0,0,0,0,0,0,0,0,0,0,0,0,0,0,0,0,0,0,0,0
147,train,17453,0,NSR,0,0,1,36619637,-92712845,-45294624,-98080718,C:\Users\YangGeon\SNN_ECG_RESTORE_MODEL_S\results\python_rtl_equivalence\windows\case0147_train_NSR_17453_w00000.mem,84,82,0,167,3900,1596,82,82,140,59,35,21,13,8,4,0,0,0,0,0,0,0,0,0,0,84,1,7,1,0,0,0,0,0,0,0,0,3157,167,749,90,0,0,0,0,0,84,0,0,84,0,0,82,0,82,140
148,train,17453,731,NSR,0,0,1,6200708,-74544297,-29247945,-101390210,C:\Users\YangGeon\SNN_ECG_RESTORE_MODEL_S\results\python_rtl_equivalence\windows\case0148_train_NSR_17453_w00731.mem,82,78,2,161,3710,1475,78,80,197,62,46,31,16,10,6,5,3,3,3,3,3,2,2,2,1,82,3,24,3,0,0,0,0,0,0,0,0,2836,161,645,182,0,2,0,0,0,82,0,0,82,2,1,80,2,80,197
149,train,17453,922,NSR,0,0,1,41616238,-103803489,-30767973,-104357565,C:\Users\YangGeon\SNN_ECG_RESTORE_MODEL_S\results\python_rtl_equivalence\windows\case0149_train_NSR_17453_w00922.mem,70,68,0,139,3402,1355,68,68,201,60,51,39,23,14,7,3,3,1,0,0,0,0,0,0,0,70,0,0,0,0,0,0,0,0,0,0,0,3384,139,591,70,0,0,0,0,0,70,0,0,70,0,0,68,0,68,201
150,train,17453,1461,NSR,0,1,1,-22740386,6730843,-26263478,-153893553,C:\Users\YangGeon\SNN_ECG_RESTORE_MODEL_S\results\python_rtl_equivalence\windows\case0150_train_NSR_17453_w01461.mem,0,0,0,0,0,0,0,0,0,0,0,0,0,0,0,0,0,0,0,0,0,0,0,0,0,0,0,0,0,0,0,0,0,0,0,0,0,0,0,0,0,0,0,0,0,0,0,0,0,0,0,0,0,0,0,0
151,train,18177,0,NSR,0,1,1,-50835579,92239833,-144949337,-91508138,C:\Users\YangGeon\SNN_ECG_RESTORE_MODEL_S\results\python_rtl_equivalence\windows\case0151_train_NSR_18177_w00000.mem,111,107,2,28,1345,797,107,109,85,21,12,7,6,5,5,5,5,3,3,3,3,3,2,2,0,111,0,0,0,0,0,0,0,0,0,0,0,3760,26,409,114,1,1,1,0,0,111,0,0,111,0,0,109,2,109,85
152,train,18177,778,NSR,0,0,1,11663461,-26604479,-115283500,-66276904,C:\Users\YangGeon\SNN_ECG_RESTORE_MODEL_S\results\python_rtl_equivalence\windows\case0152_train_NSR_18177_w00778.mem,98,96,0,175,2227,924,96,96,49,40,9,0,0,0,0,0,0,0,0,0,0,0,0,0,0,98,0,0,0,0,0,0,0,0,0,0,0,3811,175,425,98,0,0,0,0,0,98,0,0,98,0,0,96,0,96,49
153,train,18177,1556,NSR,0,1,1,-22740386,6730843,-26263478,-153893553,C:\Users\YangGeon\SNN_ECG_RESTORE_MODEL_S\results\python_rtl_equivalence\windows\case0153_train_NSR_18177_w01556.mem,0,0,0,0,0,0,0,0,0,0,0,0,0,0,0,0,0,0,0,0,0,0,0,0,0,0,0,0,0,0,0,0,0,0,0,0,0,0,0,0,0,0,0,0,0,0,0,0,0,0,0,0,0,0,0,0
154,train,18184,0,NSR,0,0,1,27741890,-83441584,-49776597,-90634851,C:\Users\YangGeon\SNN_ECG_RESTORE_MODEL_S\results\python_rtl_equivalence\windows\case0154_train_NSR_18184_w00000.mem,86,76,8,171,3407,1287,76,84,198,46,26,18,13,11,10,10,8,8,8,8,8,8,8,8,7,86,0,0,0,0,0,0,0,0,0,0,0,3182,171,594,110,0,0,0,0,0,86,1,1,86,16,7,84,8,84,198
155,train,18184,712,NSR,0,0,1,24948162,-48445031,-72414149,-102397162,C:\Users\YangGeon\SNN_ECG_RESTORE_MODEL_S\results\python_rtl_equivalence\windows\case0155_train_NSR_18184_w00712.mem,86,83,1,171,3820,1629,83,84,141,49,29,20,12,8,5,5,3,3,3,3,1,0,0,0,0,86,1,7,1,0,0,0,0,0,0,0,0,3552,171,720,91,0,0,0,0,0,86,0,0,86,0,0,84,1,84,141
156,train,18184,1423,NSR,0,1,1,-22740386,6730843,-26263478,-153893553,C:\Users\YangGeon\SNN_ECG_RESTORE_MODEL_S\results\python_rtl_equivalence\windows\case0156_train_NSR_18184_w01423.mem,0,0,0,0,0,0,0,0,0,0,0,0,0,0,0,0,0,0,0,0,0,0,0,0,0,0,0,0,0,0,0,0,0,0,0,0,0,0,0,0,0,0,0,0,0,0,0,0,0,0,0,0,0,0,0,0
157,train,19088,0,NSR,0,1,1,16635306,19989515,-151900518,-80871527,C:\Users\YangGeon\SNN_ECG_RESTORE_MODEL_S\results\python_rtl_equivalence\windows\case0157_train_NSR_19088_w00000.mem,106,100,4,36,258,633,100,104,125,29,18,9,8,8,7,7,6,6,6,5,5,4,4,3,0,106,1,8,1,0,0,0,0,0,0,0,0,3248,36,472,106,0,0,0,0,0,106,0,0,106,0,0,104,4,104,125
158,train,19088,409,NSR,0,0,1,-13335540,-20958907,-76417802,-85956468,C:\Users\YangGeon\SNN_ECG_RESTORE_MODEL_S\results\python_rtl_equivalence\windows\case0158_train_NSR_19088_w00409.mem,94,92,0,20,607,606,92,92,96,48,26,12,5,3,1,1,0,0,0,0,0,0,0,0,0,94,0,0,0,0,0,0,0,0,0,0,0,3299,20,200,94,0,0,0,0,0,94,0,0,94,0,0,92,0,92,96
159,train,19088,713,NSR,0,0,1,54401072,-90227151,-64139413,-95996225,C:\Users\YangGeon\SNN_ECG_RESTORE_MODEL_S\results\python_rtl_equivalence\windows\case0159_train_NSR_19088_w00713.mem,76,73,1,46,346,509,73,74,193,56,47,32,20,11,10,6,4,3,3,1,0,0,0,0,0,76,0,0,0,0,0,0,0,0,0,0,0,3377,46,152,76,0,0,0,0,0,76,0,0,76,0,0,74,1,74,193
160,train,19088,1426,NSR,0,1,1,-22740386,6730843,-26263478,-153893553,C:\Users\YangGeon\SNN_ECG_RESTORE_MODEL_S\results\python_rtl_equivalence\windows\case0160_train_NSR_19088_w01426.mem,0,0,0,0,0,0,0,0,0,0,0,0,0,0,0,0,0,0,0,0,0,0,0,0,0,0,0,0,0,0,0,0,0,0,0,0,0,0,0,0,0,0,0,0,0,0,0,0,0,0,0,0,0,0,0,0
161,train,19093,0,NSR,0,3,1,-122405409,-104801316,-13449770,41415044,C:\Users\YangGeon\SNN_ECG_RESTORE_MODEL_S\results\python_rtl_equivalence\windows\case0161_train_NSR_19093_w00000.mem,129,48,79,128,2166,376,48,127,1198,92,79,79,79,79,79,79,79,79,79,79,79,79,79,79,74,129,4,53,4,0,1,0,0,0,0,0,0,5923,128,1169,129,0,0,0,0,0,129,0,0,129,41,74,127,79,127,1198
162,train,19093,696,NSR,0,0,1,10671831,-77675029,-31513733,-96116538,C:\Users\YangGeon\SNN_ECG_RESTORE_MODEL_S\results\python_rtl_equivalence\windows\case0162_train_NSR_19093_w00696.mem,57,55,0,114,2813,595,55,55,237,49,44,34,31,25,19,15,10,6,3,1,0,0,0,0,0,57,0,0,0,0,0,0,0,0,0,0,0,3679,114,457,57,0,0,0,0,0,57,0,0,57,0,0,55,0,55,237
163,train,19093,1392,NSR,0,1,1,-22740386,6730843,-26263478,-153893553,C:\Users\YangGeon\SNN_ECG_RESTORE_MODEL_S\results\python_rtl_equivalence\windows\case0163_train_NSR_19093_w01392.mem,0,0,0,0,0,0,0,0,0,0,0,0,0,0,0,0,0,0,0,0,0,0,0,0,0,0,0,0,0,0,0,0,0,0,0,0,0,0,0,0,0,0,0,0,0,0,0,0,0,0,0,0,0,0,0,0
164,val,04126,0,AFF,3,2,1,-143031943,-51691923,-228865,-9457622,C:\Users\YangGeon\SNN_ECG_RESTORE_MODEL_S\results\python_rtl_equivalence\windows\case0164_val_AFF_04126_w00000.mem,106,73,31,16,858,375,73,104,647,90,69,54,49,45,40,39,38,38,36,34,31,29,28,27,13,106,15,68,15,0,2,0,0,0,0,0,0,6283,13,325,125,1,3,1,0,0,106,0,0,106,33,13,104,31,104,647
165,val,04126,306,AFF,3,2,1,-112790817,-75571777,3736698,-12579412,C:\Users\YangGeon\SNN_ECG_RESTORE_MODEL_S\results\python_rtl_equivalence\windows\case0165_val_AFF_04126_w00306.mem,73,36,35,0,363,77,36,71,604,65,53,47,44,41,37,36,36,35,35,35,35,35,35,35,25,73,0,0,0,0,0,0,0,0,0,0,0,3837,0,111,73,0,0,0,0,0,73,0,0,73,18,25,71,35,71,604
166,val,04126,612,AFF,3,2,1,-93191014,-28642683,-11348439,-62063100,C:\Users\YangGeon\SNN_ECG_RESTORE_MODEL_S\results\python_rtl_equivalence\windows\case0166_val_AFF_04126_w00612.mem,61,42,17,0,42,126,42,59,364,48,42,37,29,27,24,20,19,17,17,17,17,17,17,16,9,61,2,5,2,0,0,0,0,0,0,0,0,3052,0,74,62,0,0,0,0,0,61,0,0,61,7,9,59,17,59,364
167,val,08215,0,AFF,3,1,1,-94983681,100226877,-110017945,-91794528,C:\Users\YangGeon\SNN_ECG_RESTORE_MODEL_S\results\python_rtl_equivalence\windows\case0167_val_AFF_08215_w00000.mem,79,68,9,0,984,136,68,77,184,20,13,13,13,13,13,13,12,12,12,12,11,9,9,9,3,79,0,0,0,0,0,0,0,0,0,0,0,2820,0,166,80,0,0,0,0,0,79,1,1,79,2,3,77,9,77,184
168,val,08215,300,AFF,3,3,1,-124949123,-67408514,-34950444,27103339,C:\Users\YangGeon\SNN_ECG_RESTORE_MODEL_S\results\python_rtl_equivalence\windows\case0168_val_AFF_08215_w00300.mem,74,26,46,0,456,66,26,72,839,70,68,66,64,63,61,56,55,53,49,49,47,46,46,46,19,74,0,0,0,0,0,0,0,0,0,0,0,4181,0,143,74,0,0,0,0,0,74,0,0,74,19,19,72,46,72,839
169,val,08215,306,AFF,3,3,1,-112082937,-70763538,-15212431,-2056991,C:\Users\YangGeon\SNN_ECG_RESTORE_MODEL_S\results\python_rtl_equivalence\windows\case0169_val_AFF_08215_w00306.mem,74,21,51,0,516,42,21,72,875,72,69,66,65,64,64,63,59,57,53,52,51,49,47,44,22,74,0,0,0,0,0,0,0,0,0,0,0,3105,0,138,74,0,0,0,0,0,74,0,0,74,19,22,72,51,72,875
170,val,08215,359,AFF,3,3,1,-113661721,-58708153,-42963589,18591499,C:\Users\YangGeon\SNN_ECG_RESTORE_MODEL_S\results\python_rtl_equivalence\windows\case0170_val_AFF_08215_w00359.mem,67,27,38,0,0,27,27,65,753,63,62,62,60,59,58,53,50,49,46,41,39,38,37,36,18,67,0,0,0,0,0,0,0,0,0,0,0,2654,0,67,67,0,0,0,0,0,67,0,0,67,13,18,65,38,65,753
171,val,08215,549,AFF,3,3,1,-113520678,-55914030,-60673831,31839848,C:\Users\YangGeon\SNN_ECG_RESTORE_MODEL_S\results\python_rtl_equivalence\windows\case0171_val_AFF_08215_w00549.mem,64,27,35,0,704,54,27,62,690,60,58,57,53,51,51,48,48,46,39,39,36,36,34,34,9,64,0,0,0,0,0,0,0,0,0,0,0,3708,0,128,64,0,0,0,0,0,64,0,0,64,12,9,62,35,62,690
172,val,08215,612,AFF,3,3,1,-115915248,-61249217,-41561749,19898623,C:\Users\YangGeon\SNN_ECG_RESTORE_MODEL_S\results\python_rtl_equivalence\windows\case0172_val_AFF_08215_w00612.mem,66,25,39,0,711,67,25,64,692,61,58,56,53,50,47,46,43,42,41,41,40,39,38,37,12,66,1,4,1,0,0,0,0,0,0,0,0,3931,0,134,66,0,0,0,0,0,66,0,0,66,13,12,64,39,64,692
173,val,08219,0,AFF,3,2,1,-99965177,-39899614,-9366419,-50629925,C:\Users\YangGeon\SNN_ECG_RESTORE_MODEL_S\results\python_rtl_equivalence\windows\case0173_val_AFF_08219_w00000.mem,105,82,21,4,219,462,82,103,481,83,67,56,33,29,24,24,23,21,21,21,21,20,19,19,8,104,4,28,3,0,2,0,0,0,0,0,0,4587,3,225,128,0,0,0,0,0,104,0,0,104,6,8,103,21,103,481
174,val,08219,306,AFF,3,3,1,-140390985,-47692979,-59695562,47378322,C:\Users\YangGeon\SNN_ECG_RESTORE_MODEL_S\results\python_rtl_equivalence\windows\case0174_val_AFF_08219_w00306.mem,108,67,39,0,0,198,67,106,900,102,94,86,77,71,68,60,54,52,46,46,42,36,34,32,15,108,0,0,0,0,0,0,0,0,0,0,0,3648,0,120,108,0,0,0,0,0,108,0,0,108,19,15,106,39,106,900
175,val,08219,612,AFF,3,3,1,-159752007,-35400859,-79179037,70643435,C:\Users\YangGeon\SNN_ECG_RESTORE_MODEL_S\results\python_rtl_equivalence\windows\case0175_val_AFF_08219_w00612.mem,96,35,58,0,0,68,34,94,1012,90,80,78,75,72,71,69,69,68,66,66,62,56,51,39,19,95,3,2,3,0,0,0,0,0,0,0,0,5516,0,93,97,0,0,0,0,0,95,0,0,95,30,19,93,58,93,997
176,val,111,0,ARR,2,2,1,-76668502,-25155901,13123163,-109815876,C:\Users\YangGeon\SNN_ECG_RESTORE_MODEL_S\results\python_rtl_equivalence\windows\case0176_val_ARR_111_w00000.mem,70,68,0,0,34,478,68,68,192,57,42,29,22,14,11,4,4,2,2,2,2,1,0,0,0,70,0,0,0,0,0,0,0,0,0,0,0,3641,0,296,71,0,13,0,0,0,70,0,0,70,0,0,68,0,68,192
177,val,111,15,ARR,2,1,1,-77936654,2978159,-313703,-122507230,C:\Users\YangGeon\SNN_ECG_RESTORE_MODEL_S\results\python_rtl_equivalence\windows\case0177_val_ARR_111_w00015.mem,70,66,2,0,135,552,66,68,218,54,44,33,26,18,10,8,6,5,3,3,2,2,2,2,0,70,4,24,3,0,1,0,0,0,0,0,0,3647,0,330,72,0,10,0,0,0,70,0,0,70,0,0,68,2,68,218
178,val,111,23,ARR,2,1,1,-107516472,20482073,-2635244,-108391517,C:\Users\YangGeon\SNN_ECG_RESTORE_MODEL_S\results\python_rtl_equivalence\windows\case0178_val_ARR_111_w00023.mem,77,71,4,0,35,416,71,75,236,58,46,34,22,16,13,11,8,5,5,5,4,3,3,3,1,77,3,6,3,0,0,0,0,0,0,0,0,5256,0,254,83,0,38,0,0,0,77,0,0,77,4,1,75,4,75,236
179,val,111,29,ARR,2,2,1,-93490805,-10701757,13665589,-108233927,C:\Users\YangGeon\SNN_ECG_RESTORE_MODEL_S\results\python_rtl_equivalence\windows\case0179_val_ARR_111_w00029.mem,77,72,3,0,4,504,72,75,241,60,44,32,21,18,14,12,11,8,5,4,3,3,3,3,1,77,1,1,1,0,0,0,0,0,0,0,0,5934,0,196,84,0,22,0,0,0,77,0,0,77,2,1,75,3,75,241
180,val,223,0,ARR,2,0,1,18460874,-85995465,-41570537,-89336748,C:\Users\YangGeon\SNN_ECG_RESTORE_MODEL_S\results\python_rtl_equivalence\windows\case0180_val_ARR_223_w00000.mem,81,79,0,157,3701,1182,79,79,116,56,34,16,7,2,1,0,0,0,0,0,0,0,0,0,0,81,0,0,0,0,0,0,0,0,0,0,0,4000,157,703,81,0,1,0,0,0,81,0,0,81,0,0,79,0,79,116
181,val,223,15,ARR,2,0,1,19430253,-104903518,-21282520,-89996190,C:\Users\YangGeon\SNN_ECG_RESTORE_MODEL_S\results\python_rtl_equivalence\windows\case0181_val_ARR_223_w00015.mem,77,66,9,153,3810,1056,66,75,339,68,55,47,38,29,19,13,13,10,9,8,8,8,7,7,2,77,1,10,1,0,0,0,0,0,0,0,0,2803,153,743,87,0,0,0,0,0,77,1,1,77,18,2,75,9,75,339
182,val,223,29,ARR,2,2,1,-55576335,-86536457,-7977185,-52995102,C:\Users\YangGeon\SNN_ECG_RESTORE_MODEL_S\results\python_rtl_equivalence\windows\case0182_val_ARR_223_w00029.mem,86,65,19,145,3690,1015,64,84,407,64,40,33,27,25,25,25,24,24,24,22,20,19,18,17,3,86,2,12,2,0,0,0,0,0,0,0,0,4342,145,724,90,0,2,0,0,0,86,0,0,86,2,3,84,19,84,407
183,val,x_114,0,ARR,2,1,1,-57595643,8838239,-52390480,-95307613,C:\Users\YangGeon\SNN_ECG_RESTORE_MODEL_S\results\python_rtl_equivalence\windows\case0183_val_ARR_x_114_w00000.mem,55,52,1,0,0,52,52,53,179,43,38,26,19,15,12,8,7,6,4,1,0,0,0,0,0,55,0,0,0,0,0,0,0,0,0,0,0,3623,0,54,55,0,0,0,0,0,55,0,0,55,0,0,53,1,53,179
184,val,x_114,2,ARR,2,1,1,-67805064,2909509,-36108683,-95655127,C:\Users\YangGeon\SNN_ECG_RESTORE_MODEL_S\results\python_rtl_equivalence\windows\case0184_val_ARR_x_114_w00002.mem,55,49,4,0,17,41,49,53,219,44,38,29,24,20,14,9,8,7,6,6,4,4,3,3,1,55,0,0,0,0,0,0,0,0,0,0,0,3744,0,63,55,0,0,0,0,0,55,0,0,55,1,1,53,4,53,219
185,val,x_114,4,ARR,2,3,1,-106498392,-72563372,-14945223,-490892,C:\Users\YangGeon\SNN_ECG_RESTORE_MODEL_S\results\python_rtl_equivalence\windows\case0185_val_ARR_x_114_w00004.mem,55,28,25,0,164,52,27,53,480,51,46,38,35,34,32,31,30,29,27,26,26,25,25,25,13,55,0,0,0,0,0,0,0,0,0,0,0,3680,0,98,55,0,1,0,0,0,55,0,0,55,11,13,53,25,53,480
186,val,x_114,8,ARR,2,2,1,-93769002,-65129337,12222736,-46828350,C:\Users\YangGeon\SNN_ECG_RESTORE_MODEL_S\results\python_rtl_equivalence\windows\case0186_val_ARR_x_114_w00008.mem,57,36,19,0,115,148,36,55,402,48,42,38,33,32,27,23,22,22,22,20,19,19,18,17,11,57,1,0,1,0,0,0,0,0,0,0,0,3639,0,83,58,0,1,0,0,0,57,0,0,57,8,11,55,19,55,402
187,val,chf01,0,CHF,1,1,1,-48021413,49272524,-64093586,-134357988,C:\Users\YangGeon\SNN_ECG_RESTORE_MODEL_S\results\python_rtl_equivalence\windows\case0187_val_CHF_chf01_w00000.mem,69,66,0,0,543,778,66,67,33,24,7,2,0,0,0,0,0,0,0,0,0,0,0,0,0,68,2,11,2,0,0,0,0,0,0,0,0,6610,0,500,73,1,2,1,0,0,68,0,0,68,0,0,66,0,67,33
188,val,chf01,599,CHF,1,0,1,-35474366,-39202215,-39256924,-82603177,C:\Users\YangGeon\SNN_ECG_RESTORE_MODEL_S\results\python_rtl_equivalence\windows\case0188_val_CHF_chf01_w00599.mem,70,57,11,56,716,562,56,68,212,38,18,13,12,12,12,12,12,12,12,12,12,12,12,11,2,69,6,22,6,0,2,0,0,0,0,0,0,6880,43,501,80,0,0,0,0,0,69,0,0,69,8,2,68,11,68,212
189,val,chf01,1198,CHF,1,1,1,-44306498,-12840838,-15495036,-125160065,C:\Users\YangGeon\SNN_ECG_RESTORE_MODEL_S\results\python_rtl_equivalence\windows\case0189_val_CHF_chf01_w01198.mem,59,54,3,0,616,489,53,57,135,39,23,13,9,7,6,6,5,5,4,4,4,4,3,3,0,59,2,35,0,0,2,0,0,0,0,0,0,5973,0,504,59,0,0,0,0,0,59,0,0,59,6,0,57,3,57,135
190,val,chf02,0,CHF,1,1,1,-100871299,100488896,-112660074,-84735179,C:\Users\YangGeon\SNN_ECG_RESTORE_MODEL_S\results\python_rtl_equivalence\windows\case0190_val_CHF_chf02_w00000.mem,96,90,3,0,306,255,90,94,91,37,14,4,3,3,3,3,3,3,3,3,3,3,3,3,1,95,1,11,0,0,1,0,0,0,0,0,0,4509,0,307,97,0,0,0,0,0,95,0,0,95,1,1,93,3,93,90
191,val,chf02,477,CHF,1,1,1,-88947818,108911970,-131740227,-86901285,C:\Users\YangGeon\SNN_ECG_RESTORE_MODEL_S\results\python_rtl_equivalence\windows\case0191_val_CHF_chf02_w00477.mem,99,97,0,0,1027,288,96,97,28,25,2,1,0,0,0,0,0,0,0,0,0,0,0,0,0,98,0,0,0,0,0,0,0,0,0,0,0,4512,0,298,101,0,0,0,0,0,98,0,0,98,0,0,97,0,97,28
192,val,chf02,593,CHF,1,1,1,-86132144,160911337,-171138719,-98961985,C:\Users\YangGeon\SNN_ECG_RESTORE_MODEL_S\results\python_rtl_equivalence\windows\case0192_val_CHF_chf02_w00593.mem,105,103,0,0,1245,401,103,103,3,3,0,0,0,0,0,0,0,0,0,0,0,0,0,0,0,105,1,12,0,0,1,0,0,0,0,0,0,4499,0,374,108,0,0,0,0,0,105,0,0,105,0,0,103,0,103,3
193,val,chf02,1185,CHF,1,3,1,-136908728,-87214745,-452310,20519752,C:\Users\YangGeon\SNN_ECG_RESTORE_MODEL_S\results\python_rtl_equivalence\windows\case0193_val_CHF_chf02_w01185.mem,99,18,79,8,621,58,18,97,1242,88,87,86,85,85,84,83,83,83,83,83,80,78,78,76,50,99,0,0,0,0,0,0,0,0,0,0,0,4457,8,268,101,0,0,0,0,0,99,0,0,99,26,50,97,79,97,1242
194,val,chf15,0,CHF,1,1,1,-39533170,9253496,-38453637,-121501095,C:\Users\YangGeon\SNN_ECG_RESTORE_MODEL_S\results\python_rtl_equivalence\windows\case0194_val_CHF_chf15_w00000.mem,70,53,15,148,4428,1687,53,68,251,31,23,16,16,15,15,15,15,15,15,15,15,15,15,15,6,70,35,734,12,0,27,0,0,0,0,0,0,3051,127,1318,187,3,11,3,0,0,70,0,0,70,42,6,68,15,68,251
195,val,chf15,252,CHF,1,0,1,2138449,1881264,-87510340,-116720874,C:\Users\YangGeon\SNN_ECG_RESTORE_MODEL_S\results\python_rtl_equivalence\windows\case0195_val_CHF_chf15_w00252.mem,107,105,0,213,7054,2378,105,105,97,31,27,16,12,9,2,0,0,0,0,0,0,0,0,0,0,107,2,29,2,0,0,0,0,0,0,0,0,3954,211,1608,122,1,18,1,0,0,107,0,0,107,0,0,105,0,105,97
196,val,chf15,599,CHF,1,1,1,-99369100,95120703,-72345015,-109694913,C:\Users\YangGeon\SNN_ECG_RESTORE_MODEL_S\results\python_rtl_equivalence\windows\case0196_val_CHF_chf15_w00599.mem,82,66,14,163,5659,1246,65,80,271,23,21,21,21,20,19,19,19,17,17,17,15,15,14,13,3,82,40,947,6,0,39,0,0,0,0,0,0,2969,149,1559,186,2,52,2,0,0,82,0,0,82,22,3,80,14,80,271
197,val,chf15,756,CHF,1,1,1,-35645062,101759869,-180705539,-77192365,C:\Users\YangGeon\SNN_ECG_RESTORE_MODEL_S\results\python_rtl_equivalence\windows\case0197_val_CHF_chf15_w00756.mem,104,101,1,203,5137,425,101,102,41,4,4,4,4,4,4,4,3,3,2,1,1,1,1,1,0,104,2,26,0,0,2,0,0,0,0,0,0,3940,203,968,170,0,1,0,0,0,104,0,0,104,0,0,102,1,102,41
198,val,chf15,1198,CHF,1,1,1,-69721675,57590242,-114771344,-68518810,C:\Users\YangGeon\SNN_ECG_RESTORE_MODEL_S\results\python_rtl_equivalence\windows\case0198_val_CHF_chf15_w01198.mem,81,76,3,159,3198,73,76,79,64,21,4,3,3,3,3,3,3,3,3,3,3,3,3,3,1,81,0,0,0,0,0,0,0,0,0,0,0,4122,159,501,83,0,1,0,0,0,81,0,0,81,1,1,79,3,79,64
199,val,16273,0,NSR,0,0,1,29998323,-44260944,-77941133,-109385253,C:\Users\YangGeon\SNN_ECG_RESTORE_MODEL_S\results\python_rtl_equivalence\windows\case0199_val_NSR_16273_w00000.mem,92,88,2,183,5163,2335,88,90,113,43,22,14,5,3,3,3,3,3,3,3,2,2,2,2,0,92,1,13,1,0,0,0,0,0,0,0,0,3606,181,1149,101,0,0,0,0,0,92,0,0,92,0,0,90,2,90,113
200,val,16273,419,NSR,0,0,1,32186930,-85715834,-26041324,-120523175,C:\Users\YangGeon\SNN_ECG_RESTORE_MODEL_S\results\python_rtl_equivalence\windows\case0200_val_NSR_16273_w00419.mem,74,72,0,149,4157,1773,72,72,126,53,36,18,7,3,2,2,2,2,1,0,0,0,0,0,0,74,1,12,1,0,0,0,0,0,0,0,0,2919,148,781,82,1,1,1,0,0,74,0,0,74,2,0,72,0,72,126
201,val,16273,739,NSR,0,0,1,-8458216,-90091718,-19855662,-80233406,C:\Users\YangGeon\SNN_ECG_RESTORE_MODEL_S\results\python_rtl_equivalence\windows\case0201_val_NSR_16273_w00739.mem,73,57,14,143,4021,1423,57,71,406,60,52,44,38,31,28,27,23,21,20,18,15,13,10,6,2,73,1,0,0,0,1,0,0,0,0,0,0,3566,141,756,86,0,0,0,0,0,73,0,0,73,7,2,71,14,71,406
202,val,16273,1477,NSR,0,1,1,-22740386,6730843,-26263478,-153893553,C:\Users\YangGeon\SNN_ECG_RESTORE_MODEL_S\results\python_rtl_equivalence\windows\case0202_val_NSR_16273_w01477.mem,0,0,0,0,0,0,0,0,0,0,0,0,0,0,0,0,0,0,0,0,0,0,0,0,0,0,0,0,0,0,0,0,0,0,0,0,0,0,0,0,0,0,0,0,0,0,0,0,0,0,0,0,0,0,0,0
203,val,16786,0,NSR,0,0,1,48394828,-118664878,-22466220,-105779541,C:\Users\YangGeon\SNN_ECG_RESTORE_MODEL_S\results\python_rtl_equivalence\windows\case0203_val_NSR_16786_w00000.mem,71,69,0,139,3709,1513,69,69,209,63,56,40,29,17,2,1,1,0,0,0,0,0,0,0,0,71,0,0,0,0,0,0,0,0,0,0,0,3957,139,640,79,0,0,0,0,0,71,0,0,71,0,0,69,0,69,209
204,val,16786,575,NSR,0,0,1,17069549,-67800131,-45436218,-103164458,C:\Users\YangGeon\SNN_ECG_RESTORE_MODEL_S\results\python_rtl_equivalence\windows\case0204_val_NSR_16786_w00575.mem,75,70,3,145,3773,1579,70,73,232,57,43,30,21,16,12,12,10,9,5,4,4,3,3,3,0,75,3,8,3,0,1,0,0,0,0,0,0,4099,143,660,126,0,1,0,0,0,75,0,0,75,0,0,73,3,73,232
205,val,16786,734,NSR,0,0,1,58467392,-106089344,-47651003,-100166088,C:\Users\YangGeon\SNN_ECG_RESTORE_MODEL_S\results\python_rtl_equivalence\windows\case0205_val_NSR_16786_w00734.mem,68,63,3,133,2578,989,63,66,230,54,47,33,24,15,12,10,9,7,4,3,3,3,3,3,0,68,1,3,1,0,0,0,0,0,0,0,0,3295,133,362,87,0,0,0,0,0,68,1,1,68,10,0,66,3,66,230
206,val,16786,979,NSR,0,0,1,26640933,-68234001,-38221031,-116747619,C:\Users\YangGeon\SNN_ECG_RESTORE_MODEL_S\results\python_rtl_equivalence\windows\case0206_val_NSR_16786_w00979.mem,63,60,1,124,3169,1260,60,61,204,52,42,33,24,18,12,8,5,3,2,1,1,1,1,1,0,63,3,26,2,0,1,0,0,0,0,0,0,3378,124,541,66,0,0,0,0,0,63,0,0,63,0,0,61,1,61,204
207,val,16786,1468,NSR,0,1,1,-22740386,6730843,-26263478,-153893553,C:\Users\YangGeon\SNN_ECG_RESTORE_MODEL_S\results\python_rtl_equivalence\windows\case0207_val_NSR_16786_w01468.mem,0,0,0,0,0,0,0,0,0,0,0,0,0,0,0,0,0,0,0,0,0,0,0,0,0,0,0,0,0,0,0,0,0,0,0,0,0,0,0,0,0,0,0,0,0,0,0,0,0,0,0,0,0,0,0,0
208,val,17052,0,NSR,0,0,1,42862745,-97608048,-47337087,-92075512,C:\Users\YangGeon\SNN_ECG_RESTORE_MODEL_S\results\python_rtl_equivalence\windows\case0208_val_NSR_17052_w00000.mem,71,69,0,141,1923,788,69,69,121,45,34,21,11,5,3,2,0,0,0,0,0,0,0,0,0,71,0,0,0,0,0,0,0,0,0,0,0,2811,141,241,71,0,0,0,0,0,71,0,0,71,0,0,69,0,69,121
209,val,17052,693,NSR,0,0,1,1650593,-23189550,-96895844,-78052970,C:\Users\YangGeon\SNN_ECG_RESTORE_MODEL_S\results\python_rtl_equivalence\windows\case0209_val_NSR_17052_w00693.mem,85,78,5,165,2198,779,78,83,122,34,14,6,6,6,6,6,6,6,6,6,5,5,5,5,0,85,1,0,1,0,0,0,0,0,0,0,0,4779,165,267,93,0,0,0,0,0,85,0,0,85,4,0,83,5,83,122
210,val,17052,1386,NSR,0,1,1,-22740386,6730843,-26263478,-153893553,C:\Users\YangGeon\SNN_ECG_RESTORE_MODEL_S\results\python_rtl_equivalence\windows\case0210_val_NSR_17052_w01386.mem,0,0,0,0,0,0,0,0,0,0,0,0,0,0,0,0,0,0,0,0,0,0,0,0,0,0,0,0,0,0,0,0,0,0,0,0,0,0,0,0,0,0,0,0,0,0,0,0,0,0,0,0,0,0,0,0
